"","Count"
"TDH3",102413
"ICL1",65255
"PDC1",50287
"SED1",47029
"FBA1",41170
"FIT3",40786
"PMA1",40480
"NCE103",38773
"CCW12",37995
"PGK1",35789
"HSP150",35719
"CIT2",35172
"ATP2",33874
"DDR2",32385
"HXT5",31754
"HSP26",31472
"MET17",30575
"HSP12",29677
"POR1",28684
"CPR1",28461
"PCK1",26824
"CIT1",26752
"YGP1",26397
"ATP1",25444
"MDH2",24230
"NCE102",24024
"GDH1",23801
"ACO1",23683
"SPO24",23470
"BGL2",22167
"CWP2",21998
"FET3",21451
"OLE1",21076
"GPM1",21070
"SSA1",21044
"ENO1",20871
"MLS1",20376
"ACH1",20285
"ARN1",19501
"SOD1",19377
"MIR1",19279
"MRH1",19048
"JEN1",18735
"YRO2",18453
"ADH1",18443
"MEP2",18437
"ACT1",18401
"PET9",18173
"NCW1",18102
"HPF1",17911
"ZEO1",17745
"CPA1",17642
"TSA1",16973
"PEP4",16951
"PST1",16876
"GRE1",16676
"GCN4",16663
"HYP2",16621
"SDH2",16380
"HSC82",16264
"MDH1",16261
"FUM1",16045
"ERG3",15987
"CDC19",15842
"GLK1",15838
"VHT1",15702
"UTH1",15624
"ASC1",15362
"HOR7",15237
"TPI1",15159
"RPL3",15125
"YEF3",14962
"FIT2",14842
"FTR1",14830
"RPL10",14746
"SDH1",14520
"RPS5",14290
"IDP2",14157
"GAS1",14020
"TEF2",13785
"SDH4",13732
"SIP18",13691
"RPP0",13669
"ACS2",13510
"NDE1",13366
"ERG25",13206
"RPS31",13006
"ACC1",12791
"RPS2",12743
"RPS12",12648
"MSC1",12547
"ECM33",12483
"ATP15",12483
"COR1",12248
"ARN2",12242
"HXK1",12185
"SHM2",12109
"DPA10",11996
"RPL2B",11991
"ILV5",11860
"SDH3",11842
"NCA3",11787
"PYC1",11740
"ATP4",11722
"SOD2",11711
"YAT2",11703
"RPL18A",11610
"TMA10",11580
"PRC1",11576
"RPL41B",11505
"ISU1",11311
"PMP3",11290
"ENO2",11280
"LEU4",11279
"COX5A",11242
"RPL30",11093
"AHP1",11089
"MET6",11053
"IDH2",10966
"CPA2",10817
"CTS1",10780
"SFC1",10751
"RPL15A",10711
"SSB2",10666
"PSA1",10655
"RPL28",10604
"SSC1",10596
"EXG1",10461
"MCR1",10445
"ATP3",10323
"COX4",10310
"TMA19",10121
"QCR2",10087
"RPS25A",10076
"IDH1",10067
"RPL5",10055
"HSP104",10004
"TOS1",9983
"HTA1",9956
"ERG11",9918
"HSP30",9850
"RPS14A",9811
"RPL25",9629
"PRB1",9619
"AGX1",9599
"RPS15",9442
"OM45",9378
"RPS13",9338
"RPP1A",9317
"KGD2",9309
"RPS20",9280
"HHT2",9271
"ALD6",9262
"YHB1",9255
"RPS3",9213
"IPP1",9183
"CYT1",9168
"SCW10",9164
"ATP5",9026
"HOM3",8974
"HTB1",8953
"SNZ1",8830
"ATP7",8804
"RPL32",8802
"RPL13B",8773
"PRY1",8756
"OM14",8751
"CRH1",8744
"RPL36B",8727
"YAT1",8698
"KGD1",8665
"WTM1",8645
"CCW14",8644
"RIP1",8578
"RPL38",8565
"PIR1",8487
"RPS1B",8456
"HHT1",8444
"QCR7",8444
"EFB1",8403
"LPD1",8401
"RPS26A",8390
"ARG4",8354
"TAL1",8299
"BMH1",8286
"PLN1",8257
"FBP1",8254
"ADE17",8170
"ILV2",8131
"ARG1",8130
"RPS23B",8111
"PBI2",8083
"PIR3",8058
"RPL16B",7959
"HSP82",7869
"HIS4",7842
"HSP60",7767
"SSE1",7742
"STL1",7709
"DPI8",7669
"TEF1",7611
"RPS0B",7594
"RPS1A",7567
"ADH2",7549
"AAT2",7528
"RTN1",7517
"COX6",7517
"HOM2",7502
"OPI3",7481
"TKL2",7469
"RPS4A",7464
"GLN1",7451
"STM1",7379
"RPL19B",7356
"SSA2",7316
"RPS7A",7316
"CYC1",7301
"RPS0A",7277
"HXK2",7261
"SSB1",7240
"RPL23B",7226
"RPP2B",7193
"RPL4A",7176
"DDR48",7156
"COX13",7151
"PRX1",7099
"RPL40A",7071
"RPP1B",7056
"ATP16",7055
"RPL1B",7054
"TDH2",7028
"RPS17A",7025
"PDI1",7018
"QCR10",7013
"RPL17A",6989
"QCR6",6985
"RPL7A",6958
"ARG56",6951
"UBI4",6860
"ADK1",6838
"RPS4B",6820
"PGI1",6810
"RPS16A",6752
"RPL12B",6730
"VMA3",6715
"GDH3",6699
"ERG5",6697
"RPL9B",6668
"RPL8B",6654
"RPS24A",6520
"NDI1",6517
"RPS9B",6512
"FAS1",6503
"COX8",6485
"ALD4",6481
"TKL1",6481
"RPL31A",6475
"PAB1",6471
"ATP18",6469
"ATP17",6448
"RPL39",6442
"KAR2",6429
"FPR1",6391
"RPS23A",6324
"PDA1",6321
"RPS19B",6304
"SIT1",6255
"COX12",6216
"GAP1",6207
"DLD3",6169
"ADH3",6169
"RPL2A",6164
"SUL1",6147
"RPL14A",6097
"SRL1",6084
"LSP1",6084
"RGI1",6082
"GPD1",6058
"ACS1",6051
"PNC1",6029
"RPL41A",6011
"GSC2",6011
"HOM6",5986
"VMA1",5974
"RPL20B",5970
"QCR8",5946
"COF1",5944
"ARO4",5932
"RPS18A",5904
"OLA1",5884
"RPL21A",5872
"ECM13",5871
"HHF1",5858
"LAT1",5828
"PDB1",5816
"ILV6",5816
"RPL27A",5816
"RPS10A",5806
"YOP1",5803
"ARF2",5771
"LYS20",5765
"MRA1",5760
"HSP10",5759
"CIS3",5713
"RDL1",5700
"HSP78",5687
"TDH1",5683
"PIL1",5620
"RPL33A",5606
"RPS28A",5599
"COT1",5599
"PRY2",5594
"STI1",5591
"COX7",5511
"RPL19A",5499
"ILV3",5483
"SEC53",5481
"INO1",5474
"RPP2A",5467
"APE3",5463
"RPL24A",5454
"RPS27B",5400
"RPL6A",5390
"ATP14",5387
"HTB2",5359
"SAM1",5347
"LSC2",5336
"RPL4B",5324
"YNK1",5272
"YHM2",5268
"RPL26B",5247
"TPS1",5243
"RPS30A",5230
"RPS18B",5207
"HHF2",5201
"FAS2",5176
"PFK1",5159
"RPL20A",5144
"EFT2",5143
"FCY2",5071
"RPS19A",5061
"RPL43A",5050
"RPS11A",5036
"SAH1",5008
"RPL16A",4978
"RPS11B",4940
"CTT1",4931
"RHO5",4895
"TEF4",4834
"RPS17B",4796
"ADE57",4793
"RPS16B",4790
"TUF1",4782
"QCR9",4740
"COX9",4729
"HSP42",4716
"RPS8A",4704
"MET10",4693
"PUT4",4693
"RPL42A",4690
"LYS21",4670
"ADO1",4665
"TSL1",4659
"PCS60",4652
"BIO2",4629
"ARF1",4621
"ERG4",4621
"YDJ1",4614
"RPS6A",4575
"SPG4",4565
"SAM2",4553
"RPM2",4551
"SNA3",4539
"RPL42B",4535
"ARO8",4534
"RPL43B",4512
"KRS1",4509
"ADE13",4504
"RPL40B",4480
"GRS1",4464
"EGD2",4464
"STF2",4456
"AHA1",4436
"ERG1",4432
"LSC1",4430
"CAM1",4428
"LYS12",4427
"RPL37B",4421
"SIS1",4421
"LEU2",4414
"SUB2",4409
"CDC48",4379
"BMH2",4350
"ERG10",4313
"RPL21B",4302
"EMP24",4282
"RPL17B",4281
"HMX1",4261
"MBF1",4252
"TSC13",4250
"SML1",4245
"HAP4",4235
"RPL35A",4221
"ODC1",4218
"ERG13",4179
"RPL34B",4158
"PFY1",4158
"GRE3",4143
"PFK2",4124
"RPL8A",4111
"VCX1",4110
"LYS9",4110
"RPL24B",4104
"RPS29B",4095
"ERV25",4085
"DED81",4069
"RPS22A",4050
"MIC10",4042
"MIX17",4033
"SGT2",4011
"DPS1",4002
"RTN2",3977
"CYS4",3965
"PST2",3958
"EGO4",3949
"VMA2",3930
"RPL37A",3924
"FLC2",3912
"RPL22A",3910
"LEE1",3865
"ATP20",3850
"GUT2",3840
"YET3",3823
"PMP1",3802
"ZWF1",3800
"KRE2",3784
"NPC2",3776
"TMT1",3769
"RPL1A",3766
"RPL12A",3764
"THR4",3762
"PRM4",3762
"ASN1",3750
"BIO3",3749
"SEC61",3747
"URA2",3746
"PAI3",3741
"RPL26A",3738
"ARO1",3737
"VAS1",3729
"BAT1",3723
"RPS30B",3723
"ACP1",3721
"HPT1",3701
"YPT1",3701
"RPS21A",3701
"RPS21B",3672
"TIM11",3666
"PGM2",3663
"EGD1",3650
"NQM1",3648
"SSA3",3639
"ATP19",3638
"RPS6B",3614
"MET3",3614
"ERV14",3611
"GCV3",3609
"TIS11",3606
"SCW4",3605
"MPC3",3581
"LEU1",3575
"ERG9",3560
"SND3",3547
"ADE3",3545
"CAT2",3538
"ADE16",3530
"SSZ1",3528
"RPL27B",3512
"RPL31B",3501
"RNR4",3498
"CSG2",3497
"PDH1",3483
"CYS3",3479
"TRP5",3477
"ITR1",3451
"MRP8",3449
"RHO1",3449
"TMH11",3430
"HTA2",3425
"SBA1",3421
"RPS24B",3419
"CDC33",3414
"RPL34A",3403
"FMP16",3399
"VPH1",3392
"ERG20",3384
"AKR1",3372
"PMA2",3371
"GSR1",3368
"SER1",3367
"PHM7",3345
"GSP1",3335
"ORA1",3322
"ADE12",3305
"GTT1",3286
"ALA1",3272
"TNA1",3257
"ARG7",3243
"CAN1",3240
"FTH1",3239
"VMR1",3235
"TIF2",3234
"SUR7",3228
"CMD1",3227
"KRE9",3222
"ERG2",3219
"RPL11B",3216
"ERP1",3181
"ARA1",3166
"RPL13A",3159
"FKS1",3150
"TRX2",3147
"MDH3",3140
"CHO1",3137
"IDP1",3132
"ILS1",3131
"SSH1",3117
"GRX2",3116
"GND2",3112
"STF1",3111
"SAR1",3109
"RPS10B",3108
"GAS5",3091
"RPL14B",3081
"FMP45",3070
"VOA1",3067
"VMA16",3057
"PPQ1",3056
"KRE6",3053
"MMP1",3043
"HFD1",3025
"MEP1",3017
"RNR1",3009
"TUB2",3008
"HNT1",2993
"RIE1",2992
"HIS5",2992
"RPL29",2988
"PUN1",2987
"ASN2",2965
"SAC6",2956
"RPS22B",2952
"ARO3",2950
"GGC1",2949
"ADE2",2946
"PNS1",2946
"FMP52",2941
"LYP1",2941
"RPL23A",2940
"ERV29",2939
"MDM38",2938
"UBA1",2937
"PMT2",2936
"DUG1",2935
"ZRC1",2929
"ADR1",2923
"RPL11A",2915
"GUA1",2901
"RPN2",2899
"EFT1",2895
"SER33",2893
"GUT1",2877
"PTM1",2877
"TIP1",2873
"MPC2",2873
"SES1",2868
"HMO1",2868
"SSD1",2860
"THS1",2849
"RPS7B",2848
"NCW2",2846
"RPS9A",2840
"ADE1",2832
"ARP3",2829
"SUP45",2827
"CYB2",2822
"HIS1",2810
"GLC7",2807
"SBP1",2792
"GDH2",2788
"VMA11",2770
"UGP1",2766
"RPL35B",2756
"FRA1",2755
"ENB1",2755
"GLY1",2752
"FLC1",2752
"CPR3",2751
"COS6",2742
"GIS2",2739
"YET1",2738
"ARC35",2728
"ADE6",2724
"DCW1",2717
"SUR1",2717
"PYC2",2714
"MET14",2711
"MET2",2709
"HYR1",2707
"GCV1",2705
"GSY2",2704
"SHR3",2694
"MET5",2689
"RPS26B",2683
"ABF2",2680
"INH1",2679
"BXI1",2678
"MMF1",2661
"ZRT3",2661
"RPL33B",2657
"TIF3",2645
"ATG42",2644
"TPS2",2639
"ILV1",2624
"RPT1",2621
"NTH1",2612
"BCY1",2612
"TOM40",2612
"KGD4",2602
"ELO1",2597
"GPG1",2594
"CTR2",2571
"CPR6",2566
"SYG1",2553
"ZUO1",2551
"GVP36",2550
"RPL6B",2545
"CCP1",2538
"ECM15",2537
"ARP2",2534
"TIF6",2534
"DLD1",2530
"KTR4",2529
"IZH3",2528
"NTF2",2526
"NCP1",2526
"ARC1",2521
"GUS1",2517
"SUI3",2510
"IMD3",2503
"PPN1",2499
"SUL2",2499
"SMF3",2497
"GCY1",2494
"CRC1",2493
"TRX1",2489
"RPN4",2488
"SSE2",2481
"ATG33",2476
"ELO3",2476
"ZRT2",2474
"SAM3",2473
"WBP1",2469
"DSE2",2466
"ROT1",2466
"CBR1",2463
"DAK1",2459
"DPM1",2457
"TUB1",2450
"IZH1",2447
"PRO3",2443
"RPS25B",2441
"PIC2",2430
"CUP9",2425
"DOT6",2423
"RPS29A",2420
"TIF34",2415
"HMG1",2407
"KTR1",2402
"GAT1",2398
"BDH1",2395
"ROX1",2395
"AIM45",2390
"HEM2",2383
"ARG3",2380
"TIF1",2378
"ERG6",2378
"CHS1",2378
"UBC4",2375
"HNM1",2375
"UBC5",2370
"RPL9A",2369
"STT3",2356
"SUI1",2351
"YRA1",2350
"TCB3",2350
"RIM1",2346
"PRE2",2330
"THI4",2324
"PRY3",2320
"ORM2",2310
"LYS1",2307
"CRP1",2303
"DCS2",2300
"SCS2",2294
"TOS6",2286
"RPS14B",2285
"EAF3",2283
"GLO1",2281
"AVT3",2280
"SDS23",2274
"GCV2",2274
"COP1",2273
"ARO2",2271
"YIP3",2270
"RPG1",2267
"ARC40",2266
"EHT1",2262
"IST2",2259
"RPS28B",2259
"RKI1",2257
"VPS68",2256
"POM33",2252
"VMA13",2248
"GRE2",2239
"GAD1",2236
"TPM1",2234
"SEO1",2229
"MSC7",2228
"APE2",2225
"GLT1",2223
"GRX1",2222
"GOR1",2210
"RPS27A",2209
"CCC2",2208
"PLB1",2202
"MHO1",2198
"SAC1",2195
"RPS8B",2194
"TIM23",2192
"LYS4",2191
"SEC31",2183
"DAP2",2181
"LAG1",2179
"KES1",2176
"PUP3",2175
"PCL5",2171
"PMT1",2170
"HBN1",2161
"YPF1",2159
"ALD3",2155
"ARB1",2153
"RIB5",2150
"PLB3",2149
"TRR1",2148
"KAP123",2145
"SEC23",2142
"NGR1",2139
"HCR1",2138
"NPT1",2138
"GPP1",2137
"VVS1",2136
"MAE1",2133
"PAR32",2132
"SPF1",2132
"TFS1",2125
"VMA4",2124
"GRX7",2122
"MCK1",2121
"SEC24",2119
"GPA2",2117
"HMF1",2113
"LCB2",2109
"SPG5",2107
"RPN8",2100
"TPD3",2097
"LSB3",2097
"VTC1",2096
"PMP2",2095
"RPL36A",2094
"THR1",2093
"RPN3",2088
"ACO2",2082
"TIM10",2081
"CPR5",2078
"CLG1",2078
"NOP56",2076
"SIM1",2069
"HBT1",2068
"FAA1",2058
"RTC2",2051
"MYO2",2046
"YTP1",2043
"MAM3",2043
"ETR1",2042
"SCS7",2042
"PMI40",2036
"PAM17",2035
"DFG5",2034
"STE24",2032
"AVT7",2028
"BIO5",2023
"MNN4",2022
"AMS1",2014
"GLC3",2013
"MMR1",2011
"BNA1",2008
"CWH43",2003
"YCT1",2003
"PEX11",2002
"MNN14",2001
"YMD8",1999
"VBA1",1999
"KRE1",1999
"PDR5",1998
"STE2",1996
"TYW1",1992
"UPS2",1987
"GSF2",1985
"TPO3",1985
"SFA1",1983
"ADE4",1983
"MDJ1",1980
"TVP15",1976
"BNA3",1976
"COQ5",1971
"RNR2",1970
"ODC2",1968
"PHB1",1967
"EGT2",1967
"YPS1",1961
"TPN1",1959
"ECL1",1959
"IFA38",1957
"ERV46",1954
"RPN1",1954
"ACB1",1952
"TUP1",1948
"GUK1",1948
"PRE10",1944
"CCT6",1943
"ERD2",1942
"KNS1",1935
"FRE1",1933
"HTS1",1930
"CTR1",1930
"FRS1",1929
"FUN12",1927
"OST1",1926
"SVS1",1922
"YJU3",1916
"VPS1",1914
"PRE4",1912
"CPR4",1910
"TMA17",1908
"NHX1",1905
"SPE3",1900
"GAL11",1899
"MLF3",1895
"TYS1",1893
"GDI1",1887
"PTC3",1882
"CDC42",1882
"BDF2",1877
"URA5",1877
"PHD1",1873
"APT1",1871
"PRT1",1871
"SCL1",1870
"MBR1",1869
"SDS24",1865
"HSF1",1863
"RBD2",1862
"MIC60",1861
"CPT1",1861
"GLR1",1860
"AYR1",1856
"RAS2",1856
"FMP40",1854
"STP3",1853
"SBH2",1849
"PBP1",1847
"EDE1",1846
"BFR1",1843
"ZRT1",1842
"SHM1",1832
"FES1",1831
"HSP31",1830
"GDS1",1830
"PSG1",1827
"RVS167",1824
"MNN2",1820
"RCK2",1819
"YPQ1",1817
"CHP1",1816
"SRP1",1815
"OCH1",1814
"GPI16",1814
"IDI1",1812
"PHO86",1807
"LYS2",1805
"CHS5",1804
"RPL7B",1803
"SLA1",1801
"BNA6",1799
"EMC1",1795
"AIM41",1795
"MRPS12",1794
"YKE4",1791
"LAP3",1791
"MNN9",1790
"RPN6",1783
"GPT2",1783
"FRE3",1783
"ARC18",1779
"FPR3",1778
"CUB1",1776
"CDC60",1771
"RPE1",1770
"PGC1",1766
"TIF5",1766
"BAP2",1763
"NRG1",1762
"SSA4",1762
"BIO4",1762
"PRE6",1760
"GID8",1758
"GPH1",1758
"FOL2",1755
"SDH8",1753
"PUP2",1753
"FET5",1751
"YPS3",1746
"NOP1",1737
"CLU1",1736
"SEC21",1728
"TMH18",1718
"PHB2",1715
"YRB1",1713
"MRX18",1712
"TMC1",1712
"SPT16",1711
"HOG1",1711
"AIM46",1708
"TOH1",1707
"NOP10",1704
"PRE8",1698
"BBC1",1697
"TMA7",1697
"DFM1",1696
"ISA1",1688
"YCP4",1685
"ALD5",1685
"MIC27",1685
"RPT4",1682
"PCM1",1680
"GND1",1678
"EMC3",1676
"DSE4",1672
"PDX3",1671
"NNR2",1669
"CSR2",1669
"GFA1",1668
"RPT2",1667
"MAL31",1666
"GDA1",1660
"GIC2",1659
"ATG41",1659
"CCT4",1658
"MSB2",1657
"MIC19",1656
"RFS1",1654
"SEC27",1654
"SLA2",1653
"MES1",1648
"GDB1",1648
"ARC19",1646
"ALG9",1646
"FRE6",1644
"SIP4",1643
"RPT5",1643
"RIM101",1642
"SUP35",1641
"YME1",1639
"MOH1",1638
"SEC62",1638
"RIB3",1636
"SEC4",1635
"FRS2",1633
"HIS3",1633
"VMA5",1630
"ATG39",1628
"RPT3",1626
"PUT2",1624
"HCH1",1624
"MRS6",1624
"NAP1",1621
"MVD1",1621
"ERG28",1620
"YPT7",1620
"PAL1",1619
"VPS4",1619
"ERG27",1617
"ALO1",1616
"VMA10",1615
"TRP2",1614
"STP2",1613
"SHE10",1611
"NEW1",1610
"PPH21",1609
"HIP1",1609
"SRV2",1609
"RTC3",1607
"MCO10",1607
"PRD1",1606
"SSS1",1606
"VPS55",1603
"PMC1",1598
"AIP1",1597
"LCB1",1596
"SCW11",1594
"SEC13",1593
"RPB2",1593
"MTC7",1588
"XRN1",1588
"EIS1",1588
"DSE1",1585
"YIF1",1585
"PUB1",1585
"BRE4",1584
"MET4",1582
"APT2",1581
"LAP2",1581
"PRE7",1579
"TIF11",1578
"SEC26",1577
"PMT4",1577
"LOG1",1576
"SWP1",1576
"PRS3",1566
"AVT4",1566
"UBC8",1563
"ANP1",1562
"TAM41",1562
"GBP2",1561
"MCH4",1559
"PTK2",1556
"PRS1",1555
"TVP18",1554
"YSA1",1550
"UBX6",1548
"RPN5",1547
"SAP155",1547
"CCC1",1547
"TOM22",1547
"PMR1",1546
"YIP5",1542
"PRE9",1542
"SND1",1539
"HRP1",1536
"YPS7",1535
"RSC8",1534
"PRE3",1534
"CPR2",1532
"STP4",1531
"PEX21",1526
"RMI1",1525
"YDC1",1523
"ADP1",1522
"SKP1",1520
"GCD11",1519
"QDR2",1518
"SCP160",1517
"ALG1",1513
"RPO21",1512
"HIS7",1511
"SUE1",1511
"PEP1",1510
"BDF1",1507
"TOM70",1504
"PRO2",1504
"DNM1",1502
"PDE1",1497
"UGA1",1497
"LYS14",1494
"YAP1",1492
"FUR4",1488
"GAR1",1483
"MTD1",1483
"VMA6",1481
"SFT2",1480
"MET30",1479
"CPS1",1478
"PRE5",1477
"NYV1",1476
"PAA1",1474
"CLN3",1472
"TIM17",1472
"PRS5",1468
"LSB1",1467
"HST2",1465
"YCK2",1462
"DUR3",1456
"ALT1",1454
"IRC22",1453
"CUE1",1451
"ENT2",1448
"COS8",1445
"HRR25",1445
"YPR1",1444
"PHO8",1444
"CHO2",1443
"HEM1",1442
"APE1",1441
"GLO3",1436
"SIT4",1434
"QNS1",1434
"CAP2",1434
"MDG1",1432
"RQC2",1432
"RPB4",1430
"RER1",1429
"MDM34",1426
"UIP3",1424
"SUN4",1424
"SLG1",1421
"DCS1",1417
"AVT6",1416
"RPT6",1416
"APD1",1415
"CRM1",1415
"SUI2",1415
"CDS1",1414
"MDL2",1414
"MIT1",1412
"ECM14",1412
"VTC5",1411
"TPO2",1411
"SHP1",1408
"MPM1",1407
"YBT1",1407
"SNO1",1407
"AFG3",1403
"NFS1",1402
"IGO1",1400
"CLC1",1399
"TRP3",1396
"CAF20",1396
"GSH1",1390
"COX15",1386
"VRG4",1386
"TIM44",1386
"ERG8",1385
"AIM2",1382
"AIM19",1382
"TIF35",1381
"NIP1",1381
"RAD23",1380
"CRN1",1380
"MIC26",1378
"CCT7",1378
"BRE5",1378
"CUE5",1378
"APE4",1376
"MFA1",1374
"FPR2",1373
"AHC2",1372
"YPK1",1372
"CBF5",1372
"NPL3",1370
"PHS1",1370
"ATO2",1369
"SSO1",1369
"CTI6",1368
"VMA8",1366
"DSK2",1366
"RPN12",1364
"PCL1",1364
"HTZ1",1364
"ATG19",1363
"CNB1",1360
"TPS3",1359
"RTG2",1358
"RPN10",1357
"FSF1",1357
"SEC17",1356
"YKT6",1356
"CLN1",1355
"RPL22B",1353
"MIA40",1353
"RPA135",1352
"YCK1",1350
"ABP140",1350
"ASH1",1347
"TCB2",1347
"ENT3",1345
"ELO2",1344
"PHO13",1344
"NIT3",1340
"AVT1",1336
"UBP6",1333
"RET2",1333
"NST1",1332
"SSP120",1330
"HHO1",1330
"YIP4",1329
"NSG2",1329
"CDC10",1328
"SEC11",1328
"YPK2",1328
"NDE2",1327
"ARO5",1327
"ECM38",1327
"TDA7",1325
"CRS1",1324
"GRX4",1321
"PFK26",1319
"WHI2",1319
"ELF1",1318
"VAN1",1316
"OPY2",1314
"TOS7",1313
"GLN4",1312
"GAT2",1309
"UIP4",1309
"ABP1",1308
"AAC1",1308
"EMP70",1306
"GSP2",1306
"YPT52",1305
"EFM1",1303
"AIM6",1302
"CCT2",1302
"PYP1",1299
"TPK2",1299
"AMN1",1296
"SMF2",1296
"AAD10",1296
"REG1",1295
"LST4",1294
"RNQ1",1292
"PRE1",1291
"ZTA1",1288
"PAT1",1287
"DPL1",1286
"CCT3",1286
"BUR6",1284
"RPB8",1283
"MAP1",1282
"APM4",1281
"TOM6",1279
"PUP1",1279
"GDT1",1278
"GPX1",1278
"BDH2",1277
"MAF1",1277
"DCP2",1276
"AFG1",1274
"SHR5",1274
"GGA2",1272
"NRE1",1271
"UBC1",1270
"RCN2",1270
"MEO1",1269
"SMI1",1269
"FAA4",1269
"CDC3",1265
"MTH1",1261
"EMP47",1261
"GET3",1260
"NUP159",1260
"GAS3",1260
"HAA1",1260
"RPN11",1255
"GPC1",1253
"RPN7",1253
"VMA7",1251
"RVS161",1249
"TPH3",1248
"CCT5",1248
"EDC2",1247
"DAL2",1246
"ERG24",1243
"POL30",1239
"MNP1",1239
"DMO1",1239
"NSR1",1238
"KHA1",1238
"RTS1",1238
"ERG7",1236
"SRP68",1235
"DEF1",1232
"SYH1",1232
"GUP1",1231
"AIP5",1230
"MNN11",1229
"CDC12",1227
"SNC2",1227
"RSP5",1226
"MFA2",1226
"COX20",1222
"PPZ1",1222
"URA8",1221
"OST3",1220
"SEC28",1219
"SOP4",1218
"TED1",1217
"MDM32",1217
"RPO26",1216
"GRX5",1215
"MAL33",1213
"RPL18B",1212
"SMY2",1210
"MTC1",1209
"KTR3",1208
"YCF1",1208
"DAL5",1208
"MGM101",1206
"CPP1",1204
"CAP1",1204
"UGA2",1203
"BTN2",1203
"MAP2",1202
"PAL2",1202
"PXP1",1201
"SMF1",1201
"ERG26",1200
"MNC1",1199
"SAT4",1199
"BDS1",1199
"TCP1",1193
"XBP1",1193
"GLC8",1192
"CCT8",1191
"THI7",1190
"ALG6",1190
"CMK1",1189
"POB3",1189
"DLD2",1188
"RRT8",1188
"SKS1",1188
"SSO2",1187
"NNR1",1187
"SBH1",1186
"STE20",1184
"RME1",1183
"UGA3",1180
"SNF1",1180
"CIR1",1179
"HEM15",1179
"TRP1",1178
"RIM8",1178
"NAB6",1178
"ESBP6",1178
"TIM9",1177
"SRP54",1177
"NCB2",1174
"CIR2",1173
"GTO3",1170
"ATH1",1169
"GYP7",1168
"LHP1",1163
"LEU9",1162
"ERG12",1161
"IPT1",1159
"MET13",1159
"MSS51",1159
"TES1",1158
"PET20",1156
"AIM14",1155
"MCA1",1155
"SLC1",1154
"SPT15",1153
"PEX2",1153
"ALE1",1153
"CMP2",1149
"GPD2",1149
"PEP12",1149
"TIF4631",1148
"XKS1",1147
"BLM10",1146
"MSN5",1143
"RTS3",1143
"SSU1",1141
"LIA1",1139
"PSE1",1138
"WRS1",1138
"AXL2",1137
"IGD1",1135
"SYP1",1134
"SUM1",1134
"MGE1",1134
"MRX3",1133
"PTC2",1133
"APL2",1133
"DPP1",1128
"LSM1",1127
"SEC63",1127
"PIM1",1126
"SEM1",1122
"MCO6",1122
"RPN9",1121
"KTR6",1121
"RET3",1120
"ISF1",1119
"VPS74",1118
"LIP5",1118
"TVP23",1117
"RVB1",1117
"SKN1",1117
"LSB5",1116
"PKP1",1116
"HAC1",1115
"PAM1",1114
"EBS1",1112
"ATG27",1112
"PCL7",1111
"CDC11",1109
"RAD51",1108
"MTM1",1108
"UBX2",1107
"YMC1",1107
"SHH4",1106
"SED4",1105
"MNR2",1105
"BNA5",1105
"SMT3",1103
"RLI1",1102
"PMT6",1102
"PAN1",1102
"GPI13",1101
"COA2",1101
"UBP15",1099
"MGR2",1098
"RFT1",1097
"HER1",1097
"ATO3",1095
"KAP95",1095
"RBK1",1094
"VAC8",1092
"CBP4",1092
"SPT6",1091
"HST1",1091
"PSK1",1089
"SPC3",1089
"CIN10",1088
"YME2",1086
"URE2",1085
"GRH1",1084
"RNA1",1082
"AMD1",1080
"FRE5",1080
"ERV41",1079
"ERP4",1079
"VBA2",1078
"RUP1",1078
"ADE8",1077
"URA1",1077
"KAE1",1077
"MCM7",1075
"RSN1",1075
"MXR1",1074
"NUP57",1074
"TCB1",1072
"TGL4",1071
"PDR16",1071
"RIB4",1071
"SOL4",1070
"SRP72",1070
"CTH1",1068
"EAR1",1068
"AUR1",1067
"MRX9",1066
"QDR3",1065
"SOL2",1064
"SSM4",1064
"KSP1",1063
"BAT2",1063
"NMA1",1061
"TFG1",1060
"HOC1",1060
"RFA1",1059
"THO1",1059
"SNU13",1058
"DID4",1058
"SUR2",1057
"IQG1",1055
"FMP42",1052
"FPS1",1051
"MIC12",1049
"CDC25",1048
"GTS1",1047
"PHO85",1047
"ZPR1",1046
"ROT2",1045
"DSD1",1044
"MCH1",1043
"STP1",1043
"ERP5",1042
"GID11",1042
"CAB2",1041
"HRB1",1041
"CYC3",1039
"TIM50",1038
"SIP2",1035
"PSD1",1035
"SVL3",1035
"STE23",1034
"CHS3",1033
"AIT1",1033
"SER3",1033
"ARC15",1033
"YPT31",1032
"SCH9",1032
"MDV1",1032
"CAJ1",1031
"MSN2",1031
"OPI1",1030
"WHI4",1028
"CDC53",1027
"NOG1",1027
"ESS1",1026
"SNF7",1026
"DIB1",1026
"TRP4",1025
"EHD3",1024
"SQT1",1023
"RCF2",1023
"TUM1",1022
"ERP2",1020
"DUR12",1020
"RTK1",1020
"AIM17",1020
"DAL3",1019
"HOL1",1019
"GRX3",1018
"YIM1",1018
"JIP5",1017
"ADH5",1016
"CSC1",1016
"ICE2",1015
"EPS1",1015
"SCM4",1014
"KRI1",1014
"NPR1",1014
"CBK1",1014
"CLB1",1013
"SEG1",1013
"FEN2",1012
"MKT1",1011
"RNY1",1011
"ASF2",1010
"MNN10",1010
"GSM1",1010
"ATX1",1009
"MET1",1008
"APC2",1008
"ICL2",1006
"DYS1",1005
"MET22",1005
"YOX1",1004
"MRPL36",1003
"APA1",1000
"TDA3",1000
"ARP4",1000
"DRE2",1000
"DBP5",1000
"ALK1",999
"NMD2",998
"RAM2",998
"TAF14",998
"MNN5",996
"POP1",996
"PGA2",996
"MEP3",996
"RPD3",995
"OYE2",994
"ABF1",993
"FMP46",993
"AHC1",993
"MSC3",992
"CTP1",991
"GPI17",991
"RIM21",990
"AIM9",989
"SNA4",988
"UFD4",988
"SPE2",988
"TRR2",987
"IXR1",986
"NDC1",986
"CDC1",984
"SUC2",983
"VTC4",983
"PEX3",982
"RPC40",982
"NCR1",981
"MDE1",980
"TRM13",980
"GPB2",979
"NOP58",977
"GCN20",976
"SLT2",976
"CWH41",975
"CKA2",975
"NSP1",974
"FRE2",974
"BPT1",974
"COA3",973
"EPL1",972
"STV1",972
"NRD1",972
"PNO1",972
"PGM1",971
"CKB2",971
"SEC18",970
"YTA7",970
"KSH1",970
"DOA1",969
"DPH2",969
"MRP51",969
"APL4",969
"SAM4",968
"APP1",967
"MDS3",965
"PIB2",965
"STR2",965
"AIM33",965
"GCS1",964
"SVF1",964
"YIP1",964
"ATG40",964
"CCR4",962
"TMA22",962
"SEC14",962
"VMA9",961
"GLO2",961
"TOS8",959
"NVJ2",959
"UBP1",957
"MCM3",957
"TMA108",957
"SEG2",957
"STO1",957
"AIM18",956
"DAP1",956
"SFB3",955
"GLG1",955
"LEO1",955
"WHI3",954
"GIS1",953
"VPS21",953
"GPR1",951
"GCD6",951
"PIN4",950
"MHP1",949
"SOK2",949
"CTR9",949
"RGL1",949
"REG2",948
"BET3",948
"RGC1",948
"SEY1",947
"MSS4",946
"AAT1",946
"UMP1",944
"NUP2",944
"CHC1",942
"DAS1",942
"SIC1",942
"PNP1",942
"DUF1",942
"CYC8",941
"SSL2",941
"SKG1",941
"PBN1",940
"ADY2",940
"OSH7",940
"YAK1",940
"ATG34",940
"DNF1",939
"OSH3",939
"GCR2",939
"RDL2",939
"OSW7",937
"AFT1",937
"MRPL16",936
"VTC2",936
"SDD2",936
"ERG29",936
"TFA1",934
"NAT1",932
"VPS62",932
"CLD1",931
"PKP2",929
"ALG12",929
"PBP4",928
"SEC9",928
"MET28",927
"OAC1",927
"SHB17",927
"TIM21",926
"MAS1",926
"HEK2",925
"EDC3",925
"ILT1",924
"UBC13",924
"DPH5",924
"FRD1",923
"MLC1",923
"DGA1",923
"HSE1",922
"MRPS18",922
"TOM20",921
"POP2",921
"PPN2",920
"ERP6",919
"TUB3",919
"PHO87",918
"EMC10",917
"CKA1",917
"RIM11",917
"NHP2",915
"PTP3",915
"RCI37",914
"PEX29",913
"RNA14",913
"BUD7",913
"RBG1",912
"TWF1",911
"NIF3",910
"PUF4",910
"CDC37",909
"MRP20",909
"RPN13",909
"EOS1",907
"ALG11",907
"MET16",906
"NMA2",905
"MAM33",905
"FAT1",903
"JSN1",903
"TOA2",903
"BCH1",903
"MET12",903
"PTC7",902
"EMA19",902
"PSP1",901
"TGL5",901
"MDM36",901
"RLP7",900
"COS1",899
"POL2",899
"TMA20",898
"EMC5",898
"MRN1",896
"NUM1",895
"PDR15",895
"EMI2",895
"NAM8",895
"PET8",895
"YTA12",894
"CHS2",893
"MRP4",892
"CST6",892
"FUN14",891
"GSH2",891
"SRP101",890
"MRM1",889
"RIM4",888
"SFP1",888
"CLN2",888
"ASI3",887
"GCN1",886
"NUP116",886
"ANT1",886
"SCT1",885
"MRP1",885
"LST8",885
"SAK1",883
"COM2",883
"TYE7",882
"AFR1",881
"THI6",881
"TAZ1",881
"ATG8",880
"SPT5",879
"YPC1",878
"IML2",878
"ATG15",877
"PCL10",877
"DED1",876
"OSM1",875
"PHO91",875
"FRQ1",874
"MOT2",874
"COQ2",874
"NNK1",872
"SDD3",872
"WWM1",869
"CSE1",869
"MRPL9",869
"MSS116",868
"ATP22",868
"OST5",868
"SRM1",868
"RRD1",868
"RAP1",868
"GCD1",868
"ARG8",867
"APA2",866
"NET1",865
"HRD1",865
"MCM4",865
"VIP1",864
"LSM3",864
"PTA1",863
"SIN3",862
"TMS1",861
"NAB2",861
"SNQ2",860
"URA3",860
"COQ9",859
"SLM1",858
"SCD6",858
"GZF3",857
"TAH11",855
"SYM1",855
"HAL5",854
"GID7",853
"CYB5",852
"RDI1",851
"UBC7",851
"ARE2",851
"ATG5",850
"EXP1",849
"BCK2",849
"PKH2",849
"ATR1",848
"BET2",848
"CDC4",847
"GET1",847
"ENV9",847
"MYO5",846
"ARP5",846
"UBP2",846
"DIG1",846
"UBP5",844
"UBR1",844
"LAC1",844
"RCH1",844
"AEP1",844
"MEF1",842
"GNT1",842
"HUT1",842
"PKC1",841
"RIB1",841
"SAG1",841
"TVP38",841
"GFD1",841
"NPP1",840
"ECM30",840
"LCB4",840
"VID28",838
"SAP190",838
"OST2",838
"SPN1",838
"PEX10",837
"NAT2",837
"MRP7",837
"VPS35",836
"FUN19",835
"MXR2",835
"ATG32",835
"SPC2",835
"RCR2",834
"MEF2",834
"HSL7",833
"ROM1",833
"DMA1",833
"RPB3",833
"DAL7",832
"SHH3",832
"BUD14",831
"FLC3",831
"MDR1",831
"ICT1",831
"RCF3",830
"KTR7",830
"ASI1",830
"KIN1",829
"MRPL10",829
"YEA6",828
"APL1",828
"SSH4",828
"PIB1",827
"MAS2",826
"CPR8",826
"CDC34",825
"FRK1",825
"TPA1",824
"OST4",823
"NOP7",823
"PDX1",823
"ELP2",823
"NMT1",823
"NAM7",823
"IMP2",822
"ROY1",822
"TOP2",822
"TAF4",821
"UBP10",821
"HBS1",819
"WSC2",818
"NAB3",818
"SOK1",817
"STR3",816
"ATG26",815
"CHS7",814
"PTC6",813
"PAF1",812
"ISD11",812
"PIS1",812
"KEX1",811
"CTF4",811
"NCL1",810
"NTH2",810
"NOP2",810
"CBP3",810
"TOM5",810
"RPB7",809
"FSH1",809
"RTC6",809
"OXA1",808
"PSD2",808
"GRX6",807
"EFM5",807
"IZH2",807
"POS5",807
"MRPL22",805
"RVB2",805
"SDH5",804
"MRPS9",803
"IRC24",802
"LPX1",802
"GET2",801
"MCM1",801
"REX3",799
"MDL1",799
"IKI3",798
"CUZ1",798
"OCA5",797
"YAP1801",797
"PAN6",797
"MSG5",797
"SNG1",796
"YSC84",796
"FMP41",796
"SCD5",796
"RRN3",795
"ADH6",795
"UFD2",794
"CYT2",794
"MHT1",794
"PIK1",794
"RTC5",794
"REB1",793
"FAA2",793
"BOL2",793
"PSR2",793
"SKM1",792
"STE13",792
"IWR1",791
"GTT3",791
"RTF1",791
"MRPS16",791
"CDC55",790
"SNF4",790
"PGA3",790
"GTR1",790
"VNX1",790
"SEC7",789
"CNL1",789
"MID2",789
"TOK1",787
"GWT1",787
"FUI1",786
"GCD2",786
"ASG1",786
"EMC6",786
"YFT2",785
"FBP26",785
"BNA2",785
"BYE1",784
"OSH2",783
"CKB1",783
"GYP6",783
"MOG1",783
"BRO1",783
"UBP13",782
"SEC22",782
"LDB19",782
"MNT2",781
"SNF2",781
"TAF9",780
"ERJ5",779
"YNG1",779
"PER33",778
"HEM12",777
"MAL11",777
"PAP1",777
"SEN1",777
"UBP14",776
"SXM1",776
"IES6",776
"PRM8",776
"AKL1",775
"DMO2",775
"HAP1",775
"SEF1",774
"KAP104",774
"SEH1",773
"AIM21",773
"RSM10",772
"NOT3",772
"DBP2",772
"ALG8",771
"FDC1",770
"APJ1",770
"YVC1",770
"REE1",769
"BPL1",768
"CBF1",768
"MRPL39",767
"SGE1",767
"FMP23",766
"JIP4",766
"VID30",766
"PDC6",766
"ROQ1",766
"RPB11",766
"SIR4",765
"HAL1",765
"TAF12",763
"HOS4",763
"THI20",763
"OTU1",762
"TOM7",762
"NBA1",762
"EMC4",761
"VSB1",761
"URA6",761
"UFD1",760
"NAM9",760
"NHA1",759
"PEX25",759
"MUP3",758
"DDI1",757
"BUG1",756
"COA1",756
"ROM2",756
"SNC1",755
"YSY6",755
"MPO1",755
"VPS70",755
"OCA1",754
"NAS6",753
"CDC14",752
"ITR2",752
"YFH1",751
"TPM2",751
"SIS2",751
"CLB2",751
"FMN1",750
"END3",750
"TRE2",750
"RPH1",749
"PCT1",749
"IRC20",748
"SUB1",748
"PDR10",748
"NUP157",747
"MMS2",747
"AIM29",747
"MOB1",746
"TOP1",746
"ASM4",745
"DBP10",745
"PKH3",745
"RSC9",745
"RGA1",744
"RPB5",743
"PEX8",742
"HMG2",742
"RPL15B",742
"HOS3",742
"ASP1",741
"IMP21",741
"EBP2",741
"TPK1",740
"FCP1",740
"NOT5",740
"NGG1",739
"RPO41",739
"IGO2",739
"SOL3",739
"MNT3",739
"TAF13",739
"SGT1",739
"FUN26",738
"SSK1",738
"BSD2",737
"SKN7",737
"PRM5",737
"ECM4",737
"RLM1",737
"GTA1",736
"CCA1",736
"NDD1",736
"SDD4",736
"SLM4",735
"CDC28",735
"YOS1",735
"MLP1",735
"IMH1",735
"ALR1",735
"MSB4",735
"RPA190",735
"FCY1",735
"COQ1",734
"MRPL35",734
"AIM24",734
"RRB1",734
"YAR1",734
"SEC5",733
"TAF6",733
"NVJ1",733
"RFA2",733
"LSM2",732
"PER1",732
"STE6",732
"OSH6",732
"CHZ1",731
"STH1",731
"EMC2",731
"RSM7",731
"NUP120",731
"GCD7",731
"STE4",731
"MRPL6",730
"RAD57",729
"LAM5",729
"PEX12",729
"DSC2",729
"YPD1",728
"LSM6",728
"LIP1",728
"SSL1",727
"CCS1",727
"VHC1",726
"APQ12",726
"TUL1",726
"COX14",726
"STB4",726
"UBX3",725
"APL5",725
"STB3",723
"UBA2",723
"GSY1",723
"IRC8",723
"HO",722
"RHO3",722
"RFA3",722
"LPL1",722
"LDB7",721
"BRE1",721
"ISC1",721
"SAC7",720
"SPA2",720
"GOT1",720
"UTP22",719
"NEM1",719
"NPA3",719
"RTT106",719
"DMA2",719
"CRG1",718
"TIM54",718
"SPT23",718
"VPS17",718
"DGK1",718
"SYS1",717
"XPT1",717
"SKY1",717
"AXL1",717
"ENT1",715
"CTA1",715
"COQ11",715
"HSL1",714
"RAX2",714
"BNA4",713
"SHS1",713
"DBF4",713
"OST6",713
"TGL3",713
"FPT1",712
"PEX30",712
"BOI1",711
"AIM7",711
"DID2",711
"REX2",711
"SBE22",710
"ALY2",710
"MCM5",710
"VPS75",710
"YSP3",710
"AFI1",710
"RRP12",710
"PBS2",709
"ALG7",708
"NUG1",708
"NUP145",708
"NUP85",708
"MPD2",708
"BRX1",708
"COG4",708
"NPL4",707
"SEC66",707
"VRP1",707
"RCF1",707
"POL5",706
"NEO1",706
"ECM32",705
"MPC1",705
"PCP1",705
"CFF1",705
"PET123",705
"NUP84",704
"PEP8",704
"HRI1",704
"MRX21",703
"ALG3",702
"UTP5",702
"SKI8",702
"HRT3",702
"TRM1",701
"SLY1",701
"GIN4",701
"TGL1",701
"GAL80",701
"RET1",701
"YAH1",701
"UBP3",700
"SPB4",700
"NPR3",700
"PET111",700
"ROG3",699
"GCN5",699
"SGN1",699
"CIT3",699
"CDC24",698
"COQ21",698
"COX26",698
"TRK1",698
"RSM26",698
"SFM1",698
"HRK1",698
"LDH1",697
"DAD4",697
"ESL2",697
"YRB2",696
"LAS21",696
"TDA9",696
"LOA1",695
"IMG1",694
"CDH1",694
"MGA2",694
"VID27",694
"IRA1",693
"AGE1",693
"VHS2",693
"TPO5",693
"ISW2",693
"VPS72",692
"NUP100",692
"NPP2",691
"CIA2",691
"KEL1",691
"TOA1",691
"RFC1",691
"UBC6",690
"THG1",690
"SVP26",690
"PBY1",689
"SNF6",689
"RPC10",689
"PTC5",689
"CAF40",688
"TIM13",687
"NUP1",687
"MSC6",687
"HMT1",686
"DOS2",686
"NMD3",686
"ALY1",686
"ATP11",686
"SUA7",686
"TFC6",685
"PAN5",685
"MLP2",685
"MDY2",685
"ESA1",685
"GID10",684
"REH1",684
"YML6",684
"CAF16",683
"LSM12",683
"CMI7",683
"REV1",683
"PPH22",681
"COQ4",681
"SPI1",681
"IES1",681
"ESL1",681
"PTC4",680
"SSY1",680
"RSM27",680
"BEM1",679
"UBA4",679
"IMD4",679
"MRPL23",679
"ISU2",679
"ATG22",678
"RQC1",678
"NRT1",678
"SFG1",678
"HSU1",676
"ACE2",676
"CDC5",676
"UGO1",675
"LAM4",675
"SAM35",675
"IKS1",675
"CAB1",674
"MUP1",674
"RPO31",674
"CDC27",673
"NMA111",673
"INO80",672
"VPS27",672
"NCA2",672
"SRP14",671
"AGP3",671
"ATG36",671
"SGM1",671
"COY1",671
"USA1",671
"MRPL3",671
"SAN1",670
"SBE2",670
"NIC96",670
"MSP1",670
"STT4",670
"SWS2",670
"PFF1",669
"RSM28",669
"TUB4",668
"DFP3",667
"YIH1",667
"ICY1",667
"AIM44",667
"RTG3",666
"SNT1",665
"ESF1",665
"PPZ2",665
"FMP33",665
"SFK1",665
"ISN1",665
"NAN1",665
"VTC3",665
"BOL3",664
"TAF5",664
"MGR1",664
"RRP7",664
"GLE1",664
"DET1",664
"DJP1",663
"CWC27",663
"ATG13",663
"FZO1",662
"BOI2",662
"EAF7",662
"AGC1",661
"VIR1",660
"AVL9",660
"PLB2",660
"CSS1",659
"UBX5",658
"ECT1",658
"ERV1",658
"SWI3",658
"HEM3",657
"SRP40",657
"ASI2",657
"MNE1",657
"RAD1",657
"LCB3",656
"MSA2",656
"LCL2",656
"NOC2",656
"PRO1",655
"KEI1",655
"PFA5",655
"RML2",655
"PAM16",655
"RCR1",654
"RRP45",654
"SFH5",654
"PHO4",653
"CYR1",653
"RLP24",653
"PKH1",652
"MPT5",652
"PAM18",652
"RIB2",652
"BUD9",651
"PDR8",649
"MET7",649
"OPI10",648
"COS111",647
"TML25",647
"SPP2",647
"SKP2",646
"APS2",645
"ABZ1",645
"INP53",644
"UBX7",643
"RGA2",643
"FAA3",643
"PRI2",643
"RRP6",643
"LGE1",643
"VPS8",641
"CMC2",641
"ATG20",641
"YPQ2",641
"SHO1",641
"MPH1",641
"DSL1",641
"KEX2",641
"RAT1",641
"CDC39",640
"YTA6",640
"RRT6",639
"PDR11",639
"ARG2",639
"BSC6",639
"SEC1",638
"HEH2",638
"PEX28",638
"MKS1",638
"TMA46",638
"PPS1",637
"SNX4",637
"UTR1",637
"SRC1",637
"MMT2",637
"GTB1",636
"INM2",636
"PWP1",636
"MON2",636
"PRP40",635
"RIM20",635
"ARX1",634
"MPP10",634
"OMA1",634
"EPO1",634
"MBA1",633
"VBA4",633
"BCS1",633
"CSL4",633
"SOL1",633
"TEA1",633
"TSC3",632
"SGF73",632
"RRP15",632
"ACL4",631
"ADK2",631
"NFU1",631
"SSQ1",631
"ARA2",631
"MEX67",631
"SRF1",630
"BZZ1",630
"AQY2",630
"POM152",629
"SWI5",628
"CEG1",628
"SKG6",628
"MEU1",628
"POM34",628
"DIS3",628
"RCL1",628
"RRS1",628
"SNX3",628
"FIS1",627
"MTR2",627
"SDH6",626
"TIM8",626
"FMP25",626
"BDP1",626
"YND1",625
"LNP1",625
"BUD4",625
"KTR2",625
"IDS2",624
"UTP10",624
"LSB6",624
"ZRG17",624
"TFC3",623
"MIG1",623
"PCF11",622
"EXG2",622
"ITC1",622
"GTF1",622
"ARP9",622
"RIA1",622
"PIP2",622
"MUM2",621
"TLD1",621
"TCD2",621
"SEC65",621
"ALT2",620
"GPP2",620
"FYV8",620
"DPH1",620
"VHR1",620
"NUP192",620
"NUP53",620
"TRX3",619
"HIS2",619
"DBP3",619
"BUD32",619
"ILM1",619
"TLG2",619
"MIS1",618
"GYP1",618
"NNF2",617
"SRP21",617
"MAK21",616
"BEM2",616
"MYG1",616
"SKO1",615
"MRPL8",614
"ARP7",613
"ECM21",612
"CLB3",612
"SLX5",612
"MTG1",612
"GIP3",612
"SNF8",612
"ADH4",611
"DOG2",610
"RAD27",610
"GAA1",610
"FSH2",610
"MED4",610
"TOM71",609
"ATG44",609
"MYO3",609
"DNF3",609
"TSC10",608
"SAF1",608
"FUB1",608
"MEH1",608
"STN1",607
"RSM24",607
"CAB5",607
"AGA2",607
"RSM19",607
"IRR1",606
"DIC1",606
"NUP188",606
"FLR1",605
"FOX2",605
"AAH1",605
"HST3",605
"ARP8",605
"TIM22",604
"MPS3",604
"DSE3",604
"OCT1",603
"ARK1",603
"CHD1",602
"YHP1",601
"TMN3",601
"TFA2",601
"CBC2",601
"ORM1",600
"SWH1",599
"DLS1",599
"NOB1",599
"EFM4",598
"FAR8",598
"ESC1",598
"OXR1",598
"RGT2",597
"MRS4",597
"QRI5",597
"PFA4",597
"DDE1",596
"SLN1",596
"PPA2",596
"IVY1",595
"POL31",595
"SRY1",595
"URA4",594
"MSC2",593
"RRP4",593
"NUP133",593
"GEP4",592
"SSY5",592
"BNI5",592
"NOC4",592
"STE5",591
"MTC5",591
"CAT8",591
"CYK3",590
"PMT5",590
"PDR1",590
"UIP5",590
"EMW1",590
"CAF120",590
"MIM1",590
"URA7",589
"PEX19",589
"NCS6",589
"BRR1",589
"PEX5",588
"TAG1",588
"CSR1",588
"RSM23",587
"LTP1",587
"THI3",586
"HEM13",586
"DNF2",586
"PPM1",586
"RIM15",586
"RFC2",586
"APN1",585
"PAN3",585
"VPS13",585
"SEC72",585
"ARL1",584
"YPP1",584
"SDS22",584
"MAK11",584
"TCO89",584
"YCX1",583
"NUS1",583
"HEL2",583
"SMC4",583
"BOP2",583
"GLG2",582
"MNL2",582
"SCJ1",582
"SLY41",582
"KAP120",582
"AVT5",581
"VMA21",581
"MCD4",581
"LEU3",581
"APM1",581
"SUT2",581
"MRP21",580
"MCD1",580
"ARH1",580
"YPT32",580
"NSE5",580
"BAR1",579
"PPT2",579
"NSI1",578
"BCP1",578
"STS1",578
"VPS33",578
"GPN2",578
"DRS2",577
"MRPL1",577
"IOC3",577
"ATG1",577
"EPT1",577
"YSR3",577
"SMP3",577
"MRPL4",576
"NOP15",576
"DDP1",576
"BMS1",576
"KEG1",575
"NHP6B",574
"SIF2",574
"DOP1",574
"YSP2",574
"TRA1",574
"ERB1",574
"HRT1",574
"LDB18",573
"MSK1",573
"SYN8",572
"ENT5",572
"MCP1",572
"GGA1",571
"SHE9",571
"AAN1",571
"COG8",571
"RRP5",571
"SAM50",571
"VPS5",571
"PIN3",571
"CDC16",570
"MRI1",570
"YBP1",569
"NOP6",569
"IES5",569
"GPI10",569
"PHO81",569
"CIC1",569
"FOL1",569
"TIM18",569
"RSC58",568
"LCB5",568
"ANY1",568
"CEX1",568
"RSM18",567
"LHS1",567
"ADI1",567
"PDS5",567
"VTI1",567
"ABZ2",567
"DAM1",566
"GPA1",566
"LEM3",566
"TCM62",565
"SNF3",565
"KCS1",565
"CRF1",565
"MRPS17",565
"DBF20",565
"SEC3",564
"RAD3",564
"IRE1",564
"KIC1",564
"INP51",564
"PTK1",564
"RRP14",564
"MGR3",564
"PUS1",564
"LDB16",563
"RAD52",563
"RIO1",563
"MPD1",563
"FUS3",562
"PFU1",562
"YCH1",562
"HUA1",562
"ASF1",562
"EAP1",562
"ATG21",562
"GIP4",561
"RAD6",561
"DSN1",561
"PEX6",561
"MNT4",561
"BLI1",560
"HRD3",560
"NUP170",559
"SPC25",559
"IRC5",559
"NSG1",559
"MRL1",559
"RAV2",558
"MCY1",558
"YNG2",558
"ULS1",558
"YPK3",557
"ERC1",557
"KRE5",557
"SPP41",556
"PCL6",556
"RGT1",556
"PKR1",556
"VPS45",555
"NMD5",554
"IMP1",554
"ACK1",553
"YOS9",553
"DBF2",553
"NTR2",553
"ATM1",553
"MRP2",553
"MRPL7",552
"HAT2",552
"NOP16",552
"DOT5",552
"YPK9",552
"MLG1",551
"PIG2",551
"TOS4",551
"COG6",551
"MYO4",550
"WIP1",550
"MRT4",550
"BOS1",550
"CQD2",550
"RPB10",550
"IRC15",550
"RBS1",549
"YEN1",549
"TOS2",549
"TCD1",549
"IOC2",549
"EMG1",549
"MRPL15",549
"MKC7",548
"NUP49",548
"SNL1",548
"PUT1",548
"UFO1",548
"IRC21",548
"MRP17",547
"HEF3",547
"MHF1",547
"HMRA1",546
"RUB1",546
"PEX7",546
"MSN4",546
"SIP5",546
"RRP40",546
"SCP1",546
"RRT12",545
"GPI14",545
"MDM30",545
"CTF18",545
"YLH47",545
"KNH1",544
"MNL1",544
"GAB1",544
"ARG81",544
"SEC2",544
"LSM7",544
"OAF1",543
"MRK1",543
"CYM1",543
"YCK3",543
"SRS2",543
"PSR1",543
"ALD2",543
"ATG3",543
"RKR1",542
"KEL3",542
"MKK2",542
"UBC9",541
"SKA1",541
"FPY1",541
"BSC5",541
"VHS3",541
"TAF2",540
"TOF2",540
"AEP2",540
"TRM112",540
"SAS5",540
"BOL1",539
"MRPL11",539
"SUA5",539
"APL6",539
"PBA1",539
"PFA3",539
"ECM3",539
"IAH1",539
"THI74",538
"ECM25",538
"PAN2",537
"DBP9",537
"MDM1",537
"WAR1",537
"EEB1",537
"SPT7",536
"ANK1",536
"KDX1",536
"DPC25",536
"ARR1",536
"NUP60",535
"AST2",535
"MRPL13",535
"ATG11",535
"PDC2",534
"DST1",534
"MRPS35",534
"PET54",534
"MTC2",534
"AIM39",534
"OPY1",533
"SET1",533
"MAG2",533
"NPL6",533
"CLA4",533
"RIO2",533
"MLC2",533
"CDC9",532
"TOM1",532
"EFR3",532
"PMT7",531
"MCM6",531
"TAF1",531
"NOP12",531
"RRT2",529
"PCL9",529
"NSE1",529
"NEJ1",529
"LST7",528
"UPS1",528
"MOD5",528
"CAR1",528
"NAM2",527
"ATX2",527
"CKS1",526
"SPT4",526
"MSB3",526
"TEX1",526
"VPS53",525
"BUL2",525
"NIP7",525
"TRE1",525
"AGP1",524
"VPS60",524
"SND2",524
"TAD3",524
"RSE1",524
"HAS1",524
"GLO4",524
"HPA3",523
"SAP1",523
"AIM25",523
"DCR2",523
"UBX4",523
"SIW14",523
"PSK2",523
"AFT2",523
"NHP6A",523
"TFB4",523
"PTH2",522
"MAK31",522
"NUP82",522
"REA1",522
"IOC4",522
"AHK1",521
"MNN1",521
"GTR2",521
"AAP1",521
"CMK2",521
"AKR2",521
"MGM1",521
"ISW1",520
"EMI1",520
"RHO2",520
"PUF6",519
"GCG1",519
"MRS3",519
"MRPL38",519
"TRM732",519
"MSH2",519
"GOS1",518
"MDM31",518
"ARG80",518
"BUL1",518
"USV1",518
"ELP4",518
"TAF10",517
"PRP43",517
"MID1",517
"SWR1",516
"YSC83",516
"EAF6",516
"SDH7",515
"YRA2",515
"STU2",515
"PIF1",515
"PAH1",515
"GRS2",515
"MHR1",514
"CAK1",514
"SPE1",514
"RRP43",513
"YHI9",513
"TRM2",513
"YEH1",513
"SHE4",513
"MKK1",513
"REF2",512
"HKR1",512
"CSI2",512
"GAC1",512
"RRG7",512
"STE18",511
"COX17",511
"SFI1",511
"SFH1",511
"YRR1",511
"GPM2",510
"PUT3",510
"BSP1",510
"MED2",509
"PEX35",509
"MRPL49",509
"ERP3",508
"GIR2",508
"ERD1",508
"KTR5",508
"MBP1",507
"UTP4",507
"MRPL28",507
"SDT1",507
"BRF1",507
"TPK3",507
"AAD14",507
"ZNG1",507
"STE7",506
"ELP3",506
"CDC73",505
"CNA1",505
"FMS1",505
"SIP1",504
"MRP13",504
"SIP3",504
"UME6",503
"TFG2",503
"RDS2",503
"MRPS5",502
"VPS73",502
"RPN14",502
"UTP9",502
"SEC6",502
"SLP1",502
"MRPL40",502
"ULA1",502
"CUR1",502
"MMS4",501
"SAP185",501
"HCA4",501
"NFG1",501
"ART10",501
"ECM7",501
"PMT3",501
"GCR1",501
"HOB2",501
"HUL5",500
"BIG1",500
"TRM12",500
"BNI4",500
"BEM4",500
"SAS4",499
"GPI1",499
"TRK2",499
"GEA2",498
"ACF2",498
"ISR1",498
"RRP9",498
"DIE2",497
"RSF2",497
"RDH54",496
"SEC20",496
"MRM2",496
"ALG2",496
"ECM5",496
"ORC5",496
"VPS54",495
"ARG82",495
"FIR1",495
"GLE2",495
"YPI1",495
"NUT1",495
"ERF2",495
"BUB3",495
"ASK10",494
"STB5",494
"SKI2",494
"CYC2",494
"DUT1",493
"PET18",493
"TRM82",493
"GIM4",493
"SWI6",493
"RPA49",493
"LRE1",492
"LSO2",492
"DAL81",492
"PGA1",492
"LEC1",492
"HAP2",491
"HTD2",491
"DRS1",491
"RTT10",491
"RXT3",490
"RSC3",490
"MTL1",490
"RPA34",490
"OXP1",490
"STE11",490
"TSR3",490
"EDS1",489
"CAD1",489
"GEF1",489
"SMY1",489
"GDE1",489
"TYR1",488
"ABD1",488
"MRPS28",488
"RAD4",487
"CUE3",487
"YAP1802",487
"RFC3",487
"CRZ1",487
"CDC43",486
"TAO3",486
"PRR1",486
"SPO14",486
"NAR1",486
"TPO4",486
"NSE3",485
"NUC1",485
"RIC1",485
"ATG23",485
"CQD1",485
"NUP42",484
"COG3",484
"MTE1",484
"MVP1",484
"PWP2",483
"RMD6",483
"RAD2",483
"MRPL31",483
"MDM35",483
"RSA3",483
"SLX1",482
"VPS41",482
"ATF1",482
"APN2",481
"APM2",481
"CMC4",481
"PTP2",481
"SSK22",480
"QRI1",480
"TRS120",480
"PPX1",480
"SWE1",480
"SFB2",480
"DOM34",480
"AZF1",480
"POL4",479
"EAF1",479
"RAD24",479
"MRPL44",479
"APL3",478
"EXO5",478
"MIX14",478
"CUP2",478
"NPY1",478
"RRP3",478
"LAM1",478
"SOA1",478
"SAL1",478
"PEX15",478
"MIG2",477
"RGR1",477
"CDC36",476
"PRP42",476
"LAM6",476
"GNA1",475
"EST1",475
"CNM67",475
"MTQ1",475
"IRA2",475
"SEC16",475
"SKT5",474
"MTR4",474
"SDH9",474
"UME1",474
"TAF3",474
"TSR1",473
"TLG1",473
"SMC1",473
"GTO1",473
"RTT107",473
"SNU114",473
"SGV1",473
"RPC53",472
"PET100",472
"NIT1",472
"FIP1",472
"DBR1",472
"YET2",472
"SIN4",472
"TRS33",472
"HAP3",471
"PDR3",471
"LYS5",471
"SPT8",471
"COA6",471
"AOS1",471
"CSH1",470
"RRP42",470
"FCF1",470
"CDC20",470
"RMD9",470
"RAV1",470
"ADD66",470
"MRPL24",470
"PET494",470
"GPI18",469
"MUD1",469
"CMI8",469
"VPS24",469
"PEX13",469
"SEC59",469
"REC114",469
"DEP1",468
"COI1",468
"MRP49",468
"ASE1",468
"RGP1",467
"MTR3",467
"BIR1",467
"SPO75",467
"CAC2",467
"JJJ1",467
"LRO1",467
"COX10",467
"FMP30",467
"PRP5",466
"COQ6",466
"MRPL20",466
"GET4",466
"CET1",466
"LEA1",466
"MPE1",465
"PRR2",464
"PET130",464
"ORT1",464
"MTR10",464
"ASA1",464
"TRM3",463
"NSA1",463
"STE12",463
"AFB1",463
"PIG1",463
"RPC19",463
"PPG1",463
"HSP33",463
"PCA1",462
"MRP10",462
"SIZ1",462
"PHO90",462
"YUR1",462
"OCA2",462
"MCT1",462
"NHP10",461
"PRS2",460
"ATP25",460
"RTP1",460
"MIP1",460
"TFC1",459
"FAU1",459
"MSR1",459
"AGE2",459
"PRP19",459
"NTE1",459
"MRPL33",459
"MRPL17",459
"HTC1",459
"PDR12",459
"CHL1",459
"SPB1",458
"CDC50",458
"MIL1",458
"BST1",458
"THI73",458
"VAC7",458
"LAG2",458
"TVS1",457
"PTR3",457
"INM1",457
"MLO50",457
"PBI1",457
"NOP53",457
"ISA2",457
"RAI1",456
"LSG1",456
"TIF4632",456
"IES3",456
"BNI1",456
"VPS16",456
"SAS3",455
"PRP6",455
"RGD1",455
"FAD1",455
"SMC2",455
"VPS29",455
"CST9",455
"DUS4",455
"DCK1",455
"PML39",455
"PBR1",455
"MSO1",455
"SET2",454
"RIF1",453
"EXO70",453
"RSC4",453
"LUG1",453
"CDC21",453
"PHO3",452
"LSM4",452
"MET18",452
"KIN2",452
"UPA2",452
"NUD1",452
"MIX23",451
"SAS10",451
"TSA2",451
"SWP82",451
"COG1",451
"ALK2",450
"RFC5",450
"MSH6",450
"TRS23",450
"MAD3",450
"GCN3",450
"NDT80",449
"MLH3",449
"BEM3",449
"VMS1",448
"BFR2",448
"CKI1",448
"VRL1",448
"SNO4",448
"BIL1",448
"SSN3",448
"AQY1",448
"MCM2",447
"POF1",447
"NOP14",447
"HYM1",447
"HIF1",447
"AGP2",446
"DCC1",446
"RBA50",446
"MRPL25",446
"CRT10",446
"CMR2",446
"FMP10",445
"LOC1",445
"CVM1",445
"DCP1",445
"TSR4",445
"IRC3",444
"SPT3",444
"LIH1",444
"DYN1",444
"YSH1",444
"SHY1",443
"ENP2",443
"RNH70",443
"GON7",443
"HFL1",443
"RTC1",443
"MGT1",442
"CRD1",442
"SRL3",442
"BUD8",442
"SLM2",442
"NOP4",442
"DUG2",441
"HRQ1",441
"URC2",441
"ZAP1",441
"IBA57",441
"IFH1",441
"HLJ1",441
"NGL2",441
"SPT20",441
"ENV7",441
"SNT309",441
"ALG14",440
"UGX2",440
"TAN1",440
"REC107",440
"CMC1",440
"VAC14",440
"STE50",439
"GCN2",439
"RGD2",439
"DPC29",439
"SER2",439
"REV7",439
"CHA4",439
"PUS7",439
"NTG1",438
"FUR1",438
"RSA1",438
"PHO5",437
"RIM2",437
"RSC6",437
"AMD2",437
"AIM20",437
"TOR1",437
"GMH1",437
"EMP46",437
"MOT3",437
"PDE2",437
"OMS1",436
"SRB2",436
"TPO1",436
"GEP3",436
"RPC82",436
"CIA1",435
"MAG1",435
"CCM1",435
"FYV10",435
"SED5",435
"VPS34",435
"ATG45",434
"EKI1",433
"KAP114",433
"SOH1",433
"TFC4",433
"SPS19",433
"SPR6",432
"FKH1",432
"YHC3",432
"PXA2",432
"SHE2",432
"CHS6",431
"CLF1",431
"SEC10",431
"PRM15",431
"BUD21",431
"SET6",431
"SCC4",430
"TYW3",430
"PEX4",430
"CTF3",430
"UTP14",430
"YEA4",429
"FAR1",429
"RSM22",429
"SAS2",429
"POL1",429
"CLP1",429
"MET32",428
"PAD1",428
"NSA2",428
"RMR1",428
"KIN4",428
"FUN30",427
"UTR4",427
"RPB9",427
"KKQ8",427
"FMP27",427
"CAT5",427
"PRP46",427
"ARO80",426
"SEC15",426
"TRS65",426
"MST1",426
"SWD1",425
"HPR1",425
"MON1",425
"SPC105",425
"RBG2",425
"PPE1",425
"LOS1",424
"FRE8",424
"MSD1",424
"AIM3",423
"ENP1",423
"SNF11",423
"CDC40",423
"DYN2",423
"HGH1",423
"YOR1",423
"SET3",423
"PRP16",423
"UBS1",422
"UBP12",422
"YEH2",422
"RLF2",422
"UTR2",421
"SPT2",421
"EAT1",421
"IST1",421
"CIN1",421
"SOG2",421
"TBS1",420
"PRP3",420
"CUL3",420
"MGL2",420
"MRPL50",420
"IES4",420
"SUS1",419
"MTQ2",419
"GPI8",418
"FZF1",418
"DRN1",418
"SDA1",418
"HOT1",418
"SRB4",417
"NBP35",417
"IKI1",417
"RGI2",417
"SNF12",417
"CIN5",417
"CBP6",416
"GRR1",416
"URA10",416
"RER2",415
"TRM8",415
"RAD59",415
"SWF1",415
"MYO1",415
"FPR4",415
"RRN9",415
"RPC31",415
"RAX1",415
"RRD2",415
"BUD3",414
"CAF4",414
"ELP6",414
"PSY2",414
"INO4",414
"DIA2",414
"MUK1",414
"DPB3",413
"MRX14",413
"BRR2",413
"PGD1",413
"CTK1",413
"UCC1",413
"TAF8",413
"MAC1",413
"PYK2",413
"MAK10",412
"UPF3",411
"PTI1",411
"PMU1",411
"CUS2",411
"ATG9",410
"BET1",410
"IML1",410
"BUD20",410
"LDO45",410
"NAT3",410
"HDA2",409
"RMD8",409
"YIA6",409
"SFL1",409
"ATS1",408
"HSM3",408
"MFB1",408
"UTP18",407
"VID22",407
"SMP1",406
"ERS1",406
"VHS1",406
"TRS31",406
"SAY1",406
"DGR2",406
"OAZ1",406
"MAK3",406
"CLB5",406
"SWC3",405
"GAL83",405
"APS3",405
"HMS2",405
"THI21",405
"HFI1",405
"SWA2",404
"JEM1",404
"BET4",404
"VPS25",404
"PDP3",404
"MAK16",403
"HPC2",403
"CHK1",403
"RKM2",403
"COG2",403
"ATP12",403
"ECM27",403
"HEL1",403
"GAG1",403
"NRG2",402
"MPS1",402
"FAB1",402
"UTP21",402
"TIP41",402
"PRS4",401
"PEX34",401
"KIN28",401
"MSS2",401
"ECM10",401
"URM1",401
"KTI12",401
"NOG2",401
"RKM3",400
"COG7",400
"RSR1",400
"ATG7",400
"AIM22",400
"SRP102",400
"TTI1",400
"SEC39",400
"HFA1",400
"FAP1",400
"CNE1",399
"USO1",399
"VPS64",399
"HNT2",399
"ARD1",399
"POT1",399
"VPR1",399
"RNH1",399
"CCL1",399
"STE14",398
"PHM8",398
"GIC1",398
"LAA1",398
"YUH1",398
"VID24",397
"NVJ3",397
"MUD2",397
"SIR1",397
"PAP2",397
"SGF11",397
"MMS1",397
"POL12",396
"YAP5",396
"RBH2",396
"CUS1",396
"YTM1",396
"TDA2",395
"SCS3",395
"RSC1",395
"ASK1",395
"PRP45",394
"ADD37",394
"KRE33",394
"SEC12",394
"AUS1",394
"PET127",394
"AAD4",393
"CBS2",393
"MAD1",393
"COX16",393
"PXL1",393
"PEP3",393
"REV3",393
"MRC1",392
"KRR1",392
"SAC3",392
"CHL4",392
"NDC80",392
"MSS1",392
"KIN3",391
"YCG1",391
"TEL2",391
"LEU5",391
"BUD22",391
"ATP23",391
"BUD23",390
"RPA14",390
"PXP2",390
"ARP6",390
"DIP2",390
"RSF1",390
"CTL1",390
"SIL1",390
"SIA1",390
"SPP1",390
"TEC1",389
"ECM22",389
"ERO1",389
"ZDS2",389
"MCH5",389
"HAT1",389
"GLN3",388
"FMO1",388
"GTT2",388
"DUS3",388
"UTP15",388
"GPI12",388
"NAT5",388
"DOA4",387
"LRP1",387
"DAD1",386
"VAB2",386
"TIP20",386
"MSM1",386
"MCO12",386
"RNH201",386
"RDR1",386
"RXT2",385
"MCX1",385
"CFT1",385
"CPR7",385
"MNS1",385
"ARF3",385
"TFC7",385
"TAH18",385
"HDA3",385
"FIG2",384
"UTP25",384
"PRM10",384
"ATG2",384
"CSS3",384
"SEA4",383
"PEF1",383
"SWD2",383
"IBD2",383
"THO2",383
"RPC11",382
"RAD30",382
"RRP46",382
"MAL13",382
"CFD1",382
"RPC25",382
"HSK3",382
"WSC3",382
"FOB1",381
"SRL2",381
"CFT2",381
"GRX8",381
"MRE11",381
"NCS2",381
"SLK19",381
"CST26",380
"SSN2",380
"COS9",380
"TAF11",380
"DBP6",380
"ROD1",380
"DIM1",380
"SMX3",380
"RIB7",379
"KCC4",379
"HCM1",379
"NUR1",379
"TFB1",379
"SNX41",379
"TFB3",379
"SWC4",379
"MIM2",379
"ORC4",379
"YEL1",378
"UTP8",378
"VMA22",378
"SSK2",378
"APM3",377
"NBP2",377
"FMP32",377
"MRX12",377
"RAD7",377
"OAF3",377
"SSN8",377
"CDC31",377
"KSS1",376
"POG1",376
"RSM25",376
"ALB1",376
"HCS1",376
"GIS3",376
"UTP13",376
"PHO80",376
"GLD1",376
"MCM21",375
"BER1",375
"RFC4",375
"SPO7",374
"MRPL37",374
"MRF1",374
"RNA15",374
"CUE2",374
"HOT13",374
"NIS1",374
"MRPL27",373
"LPP1",373
"JHD1",373
"SOF1",373
"SAM37",373
"IES2",373
"BOP3",373
"INP54",373
"DNL4",373
"MSB1",373
"PLP2",373
"TGS1",373
"MAK32",372
"DTD1",372
"DYN3",372
"MSA1",372
"EMP65",371
"PUT7",371
"LAF1",371
"MSS11",371
"PTC1",370
"CAB3",370
"JLP1",370
"TEM1",370
"YRM1",370
"IAI11",369
"PEX14",369
"SCY1",369
"SNU71",369
"BNS1",369
"OCA6",368
"YRB30",368
"STE3",368
"LAS1",368
"PXA1",368
"SRB6",367
"MRPL32",367
"LDB17",367
"RNH202",367
"MGP12",367
"AIM10",367
"MEC3",367
"VPS36",367
"KAR1",367
"LRG1",366
"SSF2",366
"TAD1",366
"PXR1",366
"RCM1",366
"FRE7",366
"CTF19",366
"CBF2",365
"SSF1",365
"ECM16",365
"CEP3",365
"SRO77",364
"SCS22",364
"UTP20",364
"EXO84",364
"MED8",364
"PHO2",364
"SKI6",364
"SEN2",364
"BIT2",363
"STP22",363
"TGL2",363
"NTA1",363
"SWT1",363
"UBP16",363
"ULP1",363
"NTO1",363
"AST1",362
"SGF29",362
"CPP3",362
"SLH1",362
"NCE101",362
"RCI50",362
"DBP1",362
"BMT2",361
"PCL2",361
"INO2",361
"PSF3",361
"INA17",361
"RPF1",360
"PRP39",360
"MLH1",360
"JNM1",360
"HIR2",360
"TRM44",360
"TFC8",360
"KIN82",359
"SPO73",359
"TOF1",359
"PSH1",359
"THP3",359
"HXT3",358
"RSC30",358
"DFG10",358
"MLO127",358
"FKH2",358
"HDA1",358
"RKM1",358
"HIR1",357
"SCO1",357
"BPH1",357
"SWI4",357
"QDR1",357
"TOR2",357
"NAF1",357
"NGL1",357
"HAP5",357
"SEN54",357
"BUD16",356
"MRX1",356
"OSI1",356
"TBF1",356
"NRP1",355
"TMA64",355
"YEF1",355
"SLX8",355
"HFM1",355
"TRZ1",355
"INP52",355
"DFG16",355
"SAW1",354
"ERV15",354
"DOT1",354
"SMC5",354
"ISM1",354
"YMC2",353
"MRX20",353
"PRI1",353
"PSO2",353
"PNG1",353
"COS7",352
"ICP55",352
"MOB2",352
"COQ8",352
"AIM36",352
"FAR11",352
"TFB6",352
"GYP5",352
"COX11",352
"CWC15",351
"BCH2",351
"TAP42",351
"SSU72",351
"INN1",351
"AEP3",351
"MSS18",351
"SCO2",350
"PBP2",350
"RMD1",350
"SPO71",350
"SDC1",350
"GCD14",350
"TDA5",350
"UFE1",350
"HSH49",350
"APC11",349
"DON1",349
"DPB11",349
"VPH2",349
"MRP35",349
"IFM1",349
"CNM1",348
"POL3",348
"GAL3",348
"SPC110",348
"SMN1",348
"XDJ1",348
"STB2",348
"SPC98",348
"RGS2",348
"DHH1",347
"MAD2",347
"NNT1",347
"VTS1",347
"PRP4",347
"BUD6",346
"PDL32",346
"IMP4",346
"TMA16",346
"FLO9",345
"ORC2",345
"PRP9",345
"STB6",345
"ELM1",345
"RKM5",345
"ESC8",345
"MSY1",345
"SYT1",345
"ECM31",344
"VAM6",344
"SYF1",344
"TSC11",344
"ETT1",344
"ROX3",343
"MSI1",343
"SPG1",343
"ETP1",343
"PCI8",343
"DIG2",342
"SGD1",342
"PEX32",341
"CAB4",341
"TRM5",341
"SET5",341
"SPO22",341
"NRS1",341
"APC1",341
"EST3",340
"PSF2",340
"URB2",340
"APS1",340
"NDL1",340
"IMG2",339
"AVT2",339
"GIM3",339
"AIF1",339
"SKI3",339
"SHE3",338
"DUN1",338
"SIR2",338
"BIM1",338
"MTO1",338
"RTT102",338
"UPA1",338
"ORC1",338
"CWC25",338
"RRG9",338
"YAF9",338
"HXT6",337
"CIN8",337
"ECM29",337
"AGA1",337
"MSN1",337
"KIP2",337
"ERI1",337
"BIK1",336
"RMT2",336
"BUD27",336
"ATG38",336
"PMS1",336
"COG5",336
"DSC3",336
"RAD17",336
"PUF2",336
"FHL1",336
"AIR2",335
"CWC22",335
"IRC25",335
"AVO1",335
"THP1",335
"DDL1",335
"NFI1",335
"PLC1",335
"MOT1",335
"IML3",334
"RAD9",334
"UBP9",334
"YGK1",334
"LIF1",334
"KXD1",334
"KOG1",334
"DAL82",334
"ALG5",334
"MED1",334
"BNA7",333
"FIT1",333
"ART5",333
"AFG2",333
"VPS9",333
"URK1",333
"RUD3",333
"SWI1",333
"HIM1",332
"YAP3",332
"PFD1",332
"LIP2",332
"BUB2",332
"MRX6",332
"POP8",331
"BRR6",331
"NAS2",331
"CHM7",331
"AIM32",331
"INP1",331
"SMM1",331
"UTP7",330
"CAX4",330
"SLX9",330
"SPO12",330
"JHD2",330
"INP2",330
"YPT53",330
"PGS1",329
"YHK8",329
"EGH1",329
"UBR2",329
"CGI121",329
"NOP13",329
"LAS17",329
"DFR1",329
"ATG14",328
"MSH3",328
"PFS2",328
"RAD28",327
"SNZ3",327
"DEG1",327
"KIP3",327
"ANR2",327
"MSL5",327
"MLO1",327
"PHA2",327
"SPO1",327
"DIP5",327
"SPT14",327
"OKP1",326
"RCN1",326
"BAS1",326
"CAR2",326
"CTF13",326
"PEX22",325
"TEL1",325
"TRS85",325
"RRP17",325
"KRE28",325
"AZR1",325
"MTC6",325
"HAM1",325
"SYC1",325
"USE1",324
"RPF2",324
"RAD14",324
"YKU70",324
"PRP2",324
"NTG2",324
"FRT1",324
"RMD5",323
"YBP2",323
"AIM23",323
"NOP9",323
"RSC2",323
"SIR3",323
"DIA1",323
"GCD10",323
"COQ3",323
"SRO7",323
"SMX2",322
"YFH7",322
"ROK1",322
"SMD1",322
"SPE4",322
"PUS5",322
"YIG1",322
"TAH1",321
"PUS9",321
"CBP2",321
"CBT1",321
"SFT1",321
"MRD1",321
"ARO10",320
"ISC10",320
"RTT101",320
"GEA1",320
"RPC37",320
"THI22",320
"ICS2",319
"FIN1",319
"MRX16",319
"YAP6",319
"YLF2",319
"VTA1",319
"TUS1",319
"RIX7",318
"POA1",317
"MAK5",317
"RPI1",317
"SKI7",317
"SMK1",317
"SHU2",316
"HLR1",316
"ATF2",316
"PRK1",316
"CEF1",316
"HAL9",316
"GID12",315
"LCD1",315
"KAP122",315
"MRPS8",315
"KAR3",315
"MRX19",314
"SNA2",314
"FCY21",314
"CCE1",314
"NRM1",314
"GPX2",313
"MTC4",313
"ATG31",313
"LCL3",313
"SPC34",313
"ADY4",313
"SMC6",313
"DUS1",313
"SLU7",312
"NIT2",312
"PCD1",312
"PEX27",312
"RRN6",311
"SLM3",311
"BRL1",311
"DAN4",311
"APC9",311
"MMS22",311
"MFT1",311
"HOF1",311
"ZDS1",311
"SNZ2",311
"RTC4",311
"SWM1",310
"ARP1",310
"PRP8",310
"GIS4",310
"MIH1",310
"CSM3",310
"TDP1",309
"TAE1",309
"UBP7",309
"SOV1",309
"FDO1",309
"GYL1",309
"YAP7",309
"MRX8",308
"LTV1",308
"STB1",308
"SWD3",307
"ATG18",307
"SRB5",307
"TTI2",307
"MMM1",307
"TPT1",307
"FSH3",307
"GPB1",307
"HOS1",307
"OCA4",306
"CDC13",306
"BET5",306
"DPI35",306
"DML1",306
"SME1",306
"GYP8",305
"CAF130",305
"RAD33",305
"TAF7",305
"PIN2",305
"SUV3",305
"VPS3",304
"GMC1",304
"NPR2",304
"PEX1",304
"YHC1",304
"AME1",303
"IMO32",303
"MVB12",303
"RAD26",303
"VPS52",302
"PLM2",302
"COX18",302
"YMR1",302
"CDC123",302
"ATG4",302
"RRI2",302
"DSS4",302
"HXT2",301
"DLT1",301
"NRK1",301
"SNF5",300
"MSW1",300
"MZM1",300
"CDC8",300
"RPA12",300
"PEP5",300
"SYO1",299
"MRX10",299
"GPI11",299
"OTU2",299
"PML1",299
"SPR1",299
"JID1",299
"RTT103",298
"NKP1",298
"BCK1",298
"SMC3",298
"ECM9",298
"NOC3",298
"SLX4",298
"VPS71",298
"RIT1",298
"HPA2",298
"HSV2",297
"SPH1",297
"MDM12",297
"EXO1",297
"MDM10",296
"HTL1",296
"ESC2",296
"FMC1",296
"DAL4",296
"GPN3",296
"MUB1",296
"GEM1",295
"EGO2",295
"RAD54",295
"VPS51",295
"DAT1",295
"TRS130",295
"NIP100",295
"POC4",295
"RKM4",294
"AYT1",294
"COX19",294
"HSH155",294
"PUS4",294
"MIN6",293
"KAR4",293
"SLM5",293
"PRP22",293
"ECM34",293
"ISY1",293
"SPC42",293
"MLH2",293
"RGM1",293
"PHO23",293
"IRC23",293
"MUS81",292
"CEM1",292
"DBP8",292
"RQT4",292
"MRX4",292
"KEL2",291
"CMS1",291
"NBP1",291
"RDT1",290
"RHB1",290
"DXO1",290
"CDC45",290
"YCS4",290
"VPS38",290
"RPA43",290
"PET112",289
"EAF5",289
"SMT1",289
"IPA1",289
"HER2",289
"SMB1",288
"FAR7",288
"GIM5",288
"ITT1",288
"AVO2",288
"YPT11",288
"YSF3",288
"ARE1",287
"PDS1",287
"HVG1",287
"ALR2",287
"WSC4",287
"DPC13",286
"TDA4",286
"TRM7",285
"PEP7",285
"CWC21",285
"IRC6",285
"MRS1",285
"RAD5",285
"MPA43",285
"RIM13",284
"MME1",284
"SEC8",284
"ASR1",284
"HAB1",283
"RBP95",283
"CDC23",283
"SMA2",283
"FOL3",283
"PSF1",282
"SAD1",282
"EUC1",282
"URN1",282
"CNS1",281
"SLD3",281
"FLO5",281
"MFM1",281
"TOD6",280
"PPH3",280
"SRB7",280
"CNN1",280
"VAC17",279
"ZRG8",279
"CBP1",279
"FAR10",279
"PNT1",279
"MSF1",279
"POP4",278
"UTP6",278
"PTP1",277
"CIP1",277
"PEA2",276
"GEP7",276
"FAR3",276
"MIY2",276
"YPT10",275
"SPC1",275
"SDO1",275
"ECM19",275
"RBL2",275
"HEM4",275
"NTC20",274
"MSH1",274
"RRT14",274
"HIS6",274
"LTO1",274
"TCA17",273
"VHR2",273
"EUG1",272
"RHO4",272
"CMG1",272
"QRI7",271
"RPP1",271
"ADY3",270
"PAC2",270
"SQS1",270
"DER1",269
"PIH1",269
"ARV1",269
"UNG1",269
"SPT21",269
"MFG1",268
"RAM1",268
"URH1",268
"AIM11",268
"TAX4",268
"SRX1",268
"ERR3",268
"TRF5",268
"FMP48",267
"RNH203",267
"RCO1",267
"MMT1",267
"APC5",267
"FAP7",266
"MTC3",266
"POP5",265
"RRP1",265
"TOG1",265
"PRP21",265
"FCF2",265
"EST2",265
"FKS3",265
"VIK1",265
"ARO7",265
"CDC15",264
"CTR86",264
"DIN7",264
"AIM34",264
"KAR5",264
"PEX31",263
"BRE2",263
"SMD2",263
"TRI1",263
"PHO89",262
"CWC2",262
"VFA1",262
"RTR1",262
"PRP31",262
"CAL4",262
"MRPL19",262
"MDM20",262
"RAD55",261
"RSO55",261
"MTF1",261
"ZIM17",261
"THI2",260
"ENV11",260
"HIR3",260
"SPC19",259
"YAE1",259
"COS5",259
"CUE4",259
"DPB2",259
"MTF2",258
"DPB4",258
"TDA11",258
"ASG7",258
"RRN5",258
"MRX15",258
"TDA6",258
"SMU2",257
"PTR2",257
"IRC19",257
"FYV6",257
"YTH1",257
"RRM3",256
"FYV4",256
"FAT3",256
"LOT6",256
"UBC12",256
"GRC3",255
"YKE2",255
"ATG17",255
"PSP2",255
"VPS20",255
"TFB2",255
"FLO1",254
"YVH1",254
"RCY1",253
"PET191",253
"LOT5",253
"SKG3",253
"DSF2",252
"ECM18",252
"RSA4",251
"AQY3",251
"ESP1",251
"BUD2",251
"MGS1",251
"TRM11",251
"MSE1",251
"COQ10",251
"RAS1",251
"SNU56",250
"PUS6",250
"ECI1",250
"FIG4",250
"BOR1",250
"WTM2",250
"VPS15",249
"CSM1",249
"LRS4",249
"HOS2",249
"PRM2",249
"CSE2",249
"BUD17",249
"STU1",248
"GUD1",248
"CPD1",248
"PEX18",248
"IDP3",248
"DAD3",247
"TEN1",247
"NMD4",247
"CIM1",247
"ELG1",247
"MET31",247
"SEN34",246
"UBP8",246
"PRM1",246
"IZH4",246
"TRM10",246
"ENA1",245
"NOP19",245
"MED6",245
"IME2",245
"RFU1",245
"BUR2",245
"YKU80",245
"HUA2",245
"RRT1",244
"DBP7",244
"XYL2",244
"RSB1",244
"PCL8",244
"ROG1",243
"RMP1",243
"PHR1",243
"RRP8",242
"PRP28",242
"TPP1",242
"UAF30",242
"SNU66",242
"VPS30",242
"PAU2",241
"LCP5",241
"YPT6",241
"TSR2",241
"RDS3",241
"SWC5",240
"CWC24",240
"FPK1",240
"KAR9",240
"RTT109",239
"VAM3",239
"SNT2",238
"DNA2",238
"CSE4",238
"URB1",238
"CMR3",238
"GIP1",237
"WSS1",237
"SPC97",237
"HPM1",237
"SGA1",237
"CSS2",236
"ARL3",236
"RAD16",235
"IPK1",235
"SHC1",235
"PRP38",235
"THI12",235
"XRS2",234
"ORC6",234
"BIT61",234
"GEP5",234
"GPI15",234
"HMS1",234
"PET117",233
"TPC1",233
"MBB1",233
"SPT10",233
"CIS1",233
"MED7",233
"DAS2",232
"PMD1",231
"MRS2",231
"CIN2",231
"TIM12",230
"DPH6",229
"RFX1",229
"TDA1",229
"IPI3",229
"RPC34",229
"MIN7",228
"POX1",228
"THI11",228
"UTP11",228
"SWT21",228
"APC4",227
"ACA1",227
"MTG2",227
"KCH1",227
"UTP23",227
"MMO1",226
"VPS501",226
"LMO1",226
"RRI1",225
"CTK2",225
"DSS1",225
"BAG7",225
"VPS28",225
"FLO10",224
"ATP10",224
"AIM4",223
"PUG1",223
"OPT1",223
"LAA2",222
"LOH1",222
"RED1",222
"POP7",221
"TOS3",221
"EFG1",221
"PCC1",221
"PET309",221
"SGS1",221
"BCD1",220
"MIF2",220
"ATR2",220
"ATG12",219
"ADH7",219
"RRG1",219
"RAD18",218
"DIT1",218
"GUF1",218
"GPI2",218
"BTS1",218
"PSY4",217
"POP6",217
"THI80",217
"ADA2",216
"RRF1",216
"TRM9",216
"PEX17",216
"PFK27",216
"INA22",215
"CTK3",215
"SRB8",214
"CDC7",214
"ULP2",214
"RBH1",214
"DDC1",214
"CSA1",214
"RIX1",213
"TFB5",212
"DMC1",212
"IRS4",212
"CSF1",212
"SAP30",212
"NUF2",212
"PUS2",211
"MHF2",210
"TMN2",210
"HST4",210
"CWC23",210
"CGR1",210
"SLI15",209
"PLP1",209
"SEN15",209
"FLX1",208
"DUG3",208
"RRN10",207
"MEC1",207
"DUO1",207
"RPC17",207
"HMI1",207
"IST3",206
"DCI1",206
"ECM1",205
"EFM2",205
"RGD3",205
"BNR1",205
"RRN7",205
"OSW2",205
"RAD50",205
"SGO1",205
"RAD34",204
"SLD5",204
"RTT105",204
"MST27",204
"PPT1",204
"CDC6",204
"ACF4",204
"ELA1",204
"RTG1",204
"PRP11",203
"SHU1",203
"NNF1",203
"SLD2",203
"MPP6",203
"SPS4",203
"ATE1",202
"POL32",202
"SEI1",202
"ALP1",202
"ORC3",201
"SRN2",201
"RAD53",201
"ARR3",201
"ECM2",200
"RTR2",200
"PAC10",200
"VLD1",200
"YPS6",200
"YGK3",200
"OPT2",200
"MET8",199
"SDS3",199
"SLS1",199
"RIM9",199
"PDR18",199
"BBP1",199
"UBA3",199
"NGK1",198
"CCH1",197
"YJU2",197
"HUB1",197
"NSL1",197
"BUD5",196
"RRT13",196
"HXT4",196
"UBP11",196
"CRR1",196
"AMF1",196
"NUT2",196
"SCC2",195
"KIP1",194
"CCZ1",194
"BUB1",194
"DCD1",194
"ACM1",194
"MTW1",193
"LPX2",193
"SMD3",193
"ALF1",193
"SPO21",193
"MCM16",193
"CDC26",192
"LIN1",192
"JJJ2",192
"POR2",191
"UTP30",191
"POP3",191
"ERT1",190
"ZPS1",190
"NOP8",190
"SLD7",190
"UGA4",189
"HEM25",189
"RDS1",187
"ESF2",187
"SPC72",186
"TRS20",186
"TDA10",185
"CLB4",185
"SST2",184
"CIK1",184
"ARI1",183
"RPR2",183
"DAL1",183
"TRL1",183
"RFM1",183
"MRH4",182
"USB1",181
"MED11",181
"LTE1",180
"REI1",180
"PRP24",180
"RCE1",180
"PAC1",180
"SRD1",179
"COS12",179
"FAF1",179
"MCM22",179
"DCN1",179
"ATG29",179
"SOM1",178
"COA4",178
"RTS2",178
"IRC7",177
"RNT1",177
"PDR17",177
"SPS18",177
"ELC1",177
"PZF1",177
"YSW1",176
"PTH1",176
"CTM1",175
"OYE3",175
"CBS1",174
"SLF1",174
"SDP1",174
"MIN9",173
"MER1",173
"HSP32",173
"AAD3",172
"ALG13",172
"SNU23",171
"UBC11",171
"SPC24",169
"SNN1",169
"ERV2",169
"FUS1",168
"CTS2",168
"DIA4",168
"KTD1",167
"EDC1",167
"GIP2",165
"BUD13",165
"DAL80",165
"SPP382",164
"MND2",163
"CSI1",163
"UPS3",162
"THI5",162
"JAC1",162
"PSY3",162
"MSH4",160
"IMP3",160
"SNP1",160
"RMA1",160
"SWM2",160
"ATC1",159
"HEM14",159
"YPT35",159
"AIR1",159
"OGG1",159
"LCL1",159
"THP2",158
"TAD2",158
"CMR1",157
"CTF8",157
"PUF3",157
"FLO11",156
"PUL4",156
"GPM3",156
"HNT3",156
"RRP36",156
"KTI11",155
"CDD1",155
"REC8",155
"SLI1",154
"IPI1",154
"HUL4",154
"PEX9",154
"IME1",153
"PDC5",153
"TOP3",153
"PPR1",152
"PRP18",151
"ECO1",150
"MCO32",150
"CDA1",150
"KRE29",149
"SHQ1",149
"COX23",148
"ENT4",148
"VAM7",147
"NKP2",146
"THI72",146
"MPS2",145
"DCG1",145
"DHR2",145
"RIF2",145
"COX5B",144
"PAU17",144
"CTO1",143
"NSE4",143
"NEL1",143
"ATG10",143
"RAD61",142
"THI13",141
"UPC2",141
"EFM3",139
"ZIP1",138
"DFP1",137
"GPI19",136
"SAP4",136
"FYV7",136
"TMA23",136
"IMA2",136
"MAL12",135
"INA1",135
"SLZ1",135
"FRE4",134
"DOG1",133
"NFT1",133
"VBA5",131
"RAD10",131
"DPC7",130
"GEX2",130
"BMT6",130
"MRX7",130
"AAR2",129
"HIT1",129
"DAD2",129
"CIN4",129
"SPC29",129
"FUS2",126
"BLS1",125
"MPC54",125
"SPG3",124
"HXT7",123
"MMS21",123
"IRC18",123
"SHE1",122
"ROF1",122
"BMT5",122
"SPP381",121
"CSN9",121
"SYF2",121
"PHO12",121
"STD1",121
"FEX1",121
"SNM1",120
"ULI1",120
"FCY22",119
"MSL1",119
"TEP1",119
"LDS2",119
"HHY1",118
"FEX2",118
"MAL32",117
"AIM26",117
"PRM9",116
"LUC7",115
"SCM3",114
"HOP1",114
"PCH2",113
"NBL1",110
"ENA5",109
"PUL3",109
"FRT2",108
"MST28",108
"PRM7",108
"PAC11",108
"CLB6",108
"SHG1",107
"SET4",107
"SNO2",107
"BTT1",106
"MF(ALPHA)2",105
"RNR3",105
"IMA1",104
"HXT1",104
"CWP1",104
"PAU23",104
"LSM8",103
"REX4",103
"LFT1",102
"TIR3",101
"ICS3",101
"GAL2",101
"PRM3",101
"MAY24",101
"SNO3",100
"FAL1",99
"JLP2",99
"CSM2",98
"TAT2",98
"SPR28",97
"SDD1",97
"COS10",97
"PHO11",96
"ZNF1",96
"SPR3",96
"DCV1",95
"FHN1",95
"MCH2",95
"RRN11",95
"GFD2",94
"MSH5",94
"BFA1",94
"SLO1",93
"GAS4",93
"SPO23",92
"MIG3",92
"DFP4",92
"NGL3",92
"FET4",92
"IPL1",92
"MUM3",91
"JJJ3",89
"PGU1",88
"SPO16",86
"DIF1",86
"ATG16",86
"GUP2",86
"WHI5",85
"SPO11",84
"MCM10",84
"TIR2",84
"PET122",82
"SAE2",82
"CTR3",82
"AMA1",81
"PIR5",81
"ECM8",80
"PHM6",80
"BUD31",79
"REC102",78
"DAK2",77
"RTA1",77
"ABM1",77
"EMA17",75
"PES4",74
"GAS2",74
"AQR1",74
"ARR2",74
"BAP3",73
"SPO13",71
"MF(ALPHA)1",71
"MRPL51",70
"IRC4",67
"DDI3",67
"MDJ2",67
"DTR1",66
"ARO9",66
"SSP1",66
"IMD2",66
"HXT8",66
"SPO77",66
"COS4",65
"MIP6",65
"CSM4",64
"DIT2",63
"SUT1",63
"FMT1",62
"CHA1",60
"CYC7",60
"MGA1",60
"GNP1",59
"TIR4",59
"SPO20",58
"GIT1",57
"SMA1",57
"REC104",55
"PPM2",54
"SRL4",54
"DOC1",52
"PTH4",52
"MND1",51
"DIA3",50
"HES1",50
"MEK1",50
"SPS2",49
"IMA5",49
"SRT1",49
"AAD15",47
"MRX11",46
"EFM6",45
"DFP2",44
"DDI2",42
"TYC1",41
"HXT11",41
"BRN1",39
"DSF1",39
"BRP1",39
"MEI4",38
"PAU5",38
"DGR1",38
"PAU7",37
"EMA35",37
"AUA1",37
"YPS5",36
"ZIP2",36
"MCO14",36
"HXT15",35
"FRM2",34
"AHT1",34
"ANS1",34
"MPH3",34
"PAU19",34
"HXT10",33
"SPS22",32
"NAT4",32
"ARP10",31
"HED1",30
"SSP2",30
"HXT9",29
"MIN3",28
"CDA2",27
"MIN4",27
"HUR1",26
"TDA8",24
"BSC4",24
"COS3",23
"UTR5",22
"VTH2",22
"SPR2",21
"OAR1",20
"HXT17",20
"MPH2",19
"MIN10",19
"SPS1",18
"HXT13",18
"MAN2",18
"AI2",18
"COS2",17
"VEL1",17
"VTH1",17
"IRC10",17
"PHO92",16
"ECM11",16
"YRF1-4",16
"PLS1",16
"SWC7",14
"GAL7",13
"FIG1",13
"BSC1",13
"MAM1",13
"SPO74",13
"IRC9",13
"RRG8",13
"FYV5",12
"SOR2",12
"TIR1",12
"YRF1-2",12
"HOP2",12
"ASP3-4",12
"ERR2",12
"GAL10",11
"AAC3",11
"PXP3",11
"ECM12",11
"FDH1",11
"OTO1",10
"SPL2",10
"GMC2",10
"HUG1",10
"OLI1",10
"API2",9
"PAU11",8
"SPS100",8
"VPS63",8
"FYV12",8
"SRO9",7
"BIL2",7
"PAU24",6
"PAU10",6
"PAU12",6
"GAT4",6
"SOR1",6
"NDJ1",6
"SPO19",6
"AI1",6
"RRT5",5
"PAU13",5
"PFS1",5
"RNP1",5
"HXT14",5
"PAU6",5
"COX1",5
"MOR1",4
"PAU15",4
"LSO1",4
"DAN1",4
"RRT15",4
"JIP3",4
"COX3",4
"LDS1",3
"MATALPHA2",3
"LSM5",3
"RCK1",3
"IRC13",3
"YRF1-1",2
"SAE3",2
"APQ13",2
"PRM6",2
"ERR1",2
"MEI5",2
"ATP6",2
"BI4",2
"BI2",2
"PAU8",1
"GEX1",1
"HMLALPHA1",1
"PAU3",1
"ANB1",1
"HXT16",1
"ASP3-3",1
"PAU4",1
"OSW1",1
"YRF1-7",1
"AI3",1
"COB",1
"BI3",1
"SCEI",1
"COX2",1
"PAU9",0
"GAL1",0
"TAT1",0
"SLM6",0
"VBA3",0
"HMLALPHA2",0
"ADF1",0
"MATALPHA1",0
"HMRA2",0
"ENA2",0
"CPP2",0
"BUD25",0
"FMP49",0
"IME4",0
"NAG1",0
"YRF1-3",0
"CUP1-1",0
"CUP1-2",0
"PAU14",0
"IMA3",0
"PAU1",0
"IMA4",0
"PAU16",0
"PAU18",0
"RRT7",0
"GAT3",0
"TAR1",0
"ASP3-1",0
"ASP3-2",0
"YRF1-5",0
"PHO84",0
"LDO16",0
"YRF1-6",0
"PAU20",0
"VAM10",0
"PAU21",0
"YRF1-8",0
"PAU22",0
"GAL4",0
"ECM23",0
"IRC16",0
"AI5_ALPHA",0
"AI4",0
"AI5_BETA",0
"ATP8",0
"VAR1",0
